0,1,2,3,4,5,6,7,8,9,10,11,12,13,14,15,16,17,18,19,20,21,22,23,24,25,26,27,28,29,30,31,32,33,34,35,36,37,38,39,40,41,42,43,44,45,46,47,48,49,50,51,52,53,54,55,56,57,58,59,60,61,62,63
0.00033831316977739334,0.0003924393095076084,0.00042938871774822474,0.0004213653737679124,0.0004992180038243532,0.0005172136006876826,0.0005391828017309308,0.0006148029351606965,0.0006214637542143464,0.000680590164847672,0.0007374178385362029,0.0007661841809749603,0.0008175214752554893,0.0008613746613264084,0.000911858631297946,0.0009413872612640262,0.0010075712343677878,0.0010934335878118873,0.0011671253014355898,0.0014036084758117795,0.0016617887449683622,0.0019222820410504937,0.0026480135711608455,0.0030786354327574372,0.002248339354991913,0.000954298535361886,0.00017662369646131992,-8.83725006133318e-05,-0.0002077182289212942,-0.00025111588183790445,-0.0002857211511582136,-0.0003426882904022932,-0.00033791607711464167,-0.00039390171878039837,-0.0004312591627240181,-0.0004233272047713399,-0.0005014284979552031,-0.0005164174363017082,-0.0005383706884458661,-0.0006162080680951476,-0.0006225522374734282,-0.0006796660600230098,-0.0007363144541159272,-0.0007653714856132865,-0.0008174082031473517,-0.0008611816447228193,-0.0009131004335358739,-0.000942072831094265,-0.00100921920966357,-0.001093721599318087,-0.0011666184291243553,-0.001402307883836329,-0.0016598764777882025,-0.0019211122416891158,-0.0026485494599910453,-0.00307900010375306,-0.002246751682832837,-0.000954692717641592,-0.0001783731859177351,8.61168373376131e-05,0.00020688422955572605,0.00025243405252695084,0.00028848787769675255,0.00034664873965084553
0.0002885580761358142,0.00032228988129645586,0.0003793863579630852,0.00038232747465372086,0.00044539477676153183,0.00048687111120671034,0.0005071458872407675,0.0005848325090482831,0.0006127036176621914,0.000666577136144042,0.000730551895685494,0.0007749511860311031,0.000836570281535387,0.0008849152363836765,0.0009454980026930571,0.0009885872714221478,0.0010449737310409546,0.0011460036039352417,0.0012142190244048834,0.001412603072822094,0.0017012489934131736,0.001885361212771386,0.00246904469349829,0.003094850166235119,0.0025081951171159744,0.001141160260885954,0.0001922203227877617,-0.00017189187929034233,-0.0002917596139013767,-0.0003270807210355997,-0.000369579647667706,-0.0004047965630888939,-0.00040397304110229015,-0.00045755039900541306,-0.0004660323029384017,-0.00048091181088238955,-0.0005411837482824922,-0.0005362260853871703,-0.0005853334441781044,-0.0006282435497269034,-0.0006343380082398653,-0.0007020889315754175,-0.0007264107698574662,-0.0007591084577143192,-0.0008118108380585909,-0.0008385955588892102,-0.0008785543031990528,-0.0009118557209149003,-0.0009849953930824995,-0.001043093390762806,-0.0011508292518556118,-0.0014119030092842877,-0.0016353221253666561,-0.0020269178203307092,-0.0028205289163452107,-0.002958524157293141,-0.0019284079317003489,-0.0007810697425156832,-0.00017556711100041866,1.4499062672257423e-05,0.00012130197137594223,0.000185428187251091,0.0002101528225466609,0.00027424434665590525
0.00024528277572244406,0.00025061459746211767,0.00032131955958902836,0.0003541802288964391,0.0003795058000832796,0.0004489409038797021,0.0004828311502933502,0.0005376193439587951,0.0006013084203004837,0.0006577151361852884,0.0007199645042419434,0.0007852565031498671,0.0008581539150327444,0.0009143443312495947,0.000984901562333107,0.0010514857713133097,0.001098341541364789,0.001206982065923512,0.0012924805050715804,0.0014455317868851125,0.0017412586566933896,0.0018921886221505702,0.0023225696095323656,0.003026807331480086,0.00268750567920506,0.0013165837153792381,0.00020042085088789463,-0.00025880744215101004,-0.0003768195165321231,-0.00041693856474012136,-0.0004573838086798787,-0.0004583887057378888,-0.0004787774523720145,-0.0005142964655533433,-0.0004968451103195548,-0.0005457814550027251,-0.0005700950277969241,-0.0005539776757359505,-0.0006343401037156582,-0.0006318865343928337,-0.0006470512598752975,-0.0007234752411022782,-0.0007103785173967481,-0.0007625407306477427,-0.0008064818102866411,-0.0008165196049958467,-0.0008538209367543459,-0.0008931579068303108,-0.0009633682202547789,-0.0010101277148351073,-0.0011630257358774543,-0.0014217101270332932,-0.0016476487217005342,-0.0022123161470517516,-0.0029371823475230485,-0.0027258882764726877,-0.0015903990715742111,-0.0006323778070509434,-0.00019558239728212357,-4.206318408250809e-05,4.071928560733795e-05,0.00011888821609318256,0.00013700732961297035,0.00019506667740643024
0.00019057374447584152,0.00018988247029483318,0.00025620684027671814,0.0003116696607321501,0.00031927810050547123,0.00040421891026198864,0.0004512169398367405,0.0004954510368406773,0.0005802179221063852,0.0006416356191039085,0.0007147688884288073,0.0007932179141789675,0.0008766234386712313,0.0009540128521621227,0.0010306702461093664,0.0011225577909499407,0.0011736091692000628,0.001281584263779223,0.00139688013587147,0.0015079061267897487,0.0017836072947829962,0.0019249203614890575,0.0022129336139187217,0.002901454223319888,0.002777939662337303,0.001447500428184867,0.00019179214723408222,-0.0003477222053334117,-0.00047581957187503576,-0.0005078107351437211,-0.000534894410520792,-0.0005218689329922199,-0.0005495634395629168,-0.0005615759873762727,-0.0005431879544630647,-0.000596438767388463,-0.0005903295241296291,-0.0005920298863202333,-0.0006646423134952784,-0.0006321911932900548,-0.0006742156110703945,-0.0007248804904520512,-0.0007002215133979917,-0.0007745909970253706,-0.0007861092453822494,-0.0008005580166354775,-0.0008489735191687942,-0.0008729102555662394,-0.0009417252149432898,-0.00100798811763525,-0.0011944654397666454,-0.0014290068647824228,-0.0017251604294870049,-0.0024440435809083283,-0.002951806382043287,-0.0023968173190951347,-0.001270920503884554,-0.0005257967859506607,-0.00023343786597251892,-9.036529809236526e-05,-3.2619573175907135e-05,4.890630953013897e-05,7.836055010557175e-05,0.0001162311527878046
0.0001191277988255024,0.00014580925926566124,0.000184118514880538,0.0002512391656637192,0.00027732737362384796,0.00034357374534010887,0.0004053062293678522,0.00046635139733552933,0.0005445394199341536,0.0006143981590867043,0.0007157609798014164,0.0007950726430863142,0.000895421952009201,0.001007534796372056,0.0010767113417387009,0.0012008040212094784,0.0012820358388125896,0.0013738569105044007,0.0015176682500168681,0.0015990372048690915,0.0018288085702806711,0.001960130175575614,0.002118654199875891,0.002749541075900197,0.0027791874017566442,0.0015059257857501507,0.0001605181023478508,-0.00044566276483237743,-0.0005896810907870531,-0.000598588609136641,-0.0006085579516366124,-0.0005983153823763132,-0.0006107395747676492,-0.0005986629985272884,-0.0006019906140863895,-0.0006310864118859172,-0.0006086439825594425,-0.0006439558928832412,-0.0006691626040264964,-0.0006387570756487548,-0.0007143054390326142,-0.00070808210875839,-0.000701309007126838,-0.0007887883693911135,-0.0007580349920317531,-0.0007958752103149891,-0.0008462470141239464,-0.0008547508623450994,-0.0009341320255771279,-0.0010305207688361406,-0.0012288035359233618,-0.0014632624224759638,-0.0018983943737111986,-0.002648235240485519,-0.0028254386852495372,-0.0020122777204960585,-0.0010006639640778303,-0.0004685209132730961,-0.0002751508727669716,-0.00013640732504427433,-9.817699901759624e-05,-2.6544788852334023e-05,2.9878923669457436e-05,4.131230525672436e-05
4.210625775158405e-05,9.828712791204453e-05,0.00011220411397516727,0.0001818754244595766,0.00023321155458688736,0.0002760840579867363,0.0003519756719470024,0.00042867683805525303,0.0004983870312571526,0.0005876950453966856,0.000709654064849019,0.0007920975331217051,0.0009169857949018478,0.0010643203277140856,0.0011335192248225212,0.0012956704013049603,0.0014131518546491861,0.001483605126850307,0.0016500956262461841,0.0017051998001988977,0.0018656374304555357,0.0019717405375558883,0.0020239459117874503,0.0025772126391530037,0.0026937564834952354,0.0014838912757113576,8.780427742749453e-05,-0.0005618534050881863,-0.0007011032430455089,-0.0006933009717613459,-0.000684107537381351,-0.0006701851962134242,-0.0006652885349467397,-0.00063824508106336,-0.000657787430100143,-0.0006591809215024114,-0.0006313261692412198,-0.0006844103336334229,-0.0006656613550148904,-0.0006606917595490813,-0.0007370907114818692,-0.000685680890455842,-0.000723651610314846,-0.0007851667469367385,-0.0007312069064937532,-0.0008114883094094694,-0.0008335333550348878,-0.0008457375806756318,-0.0009525759960524738,-0.0010569501318968832,-0.0012690111761912704,-0.001556136441649869,-0.0021423420403152704,-0.002763510070508346,-0.002558148466050625,-0.0016239292453974485,-0.0008032498881220818,-0.0004487559199333191,-0.0003143572248518467,-0.00018843263387680054,-0.00014962581917643547,-0.00010414887219667435,-2.4576671421527863e-05,-1.986767165362835e-05
-3.179837949573994e-05,3.1417468562722206e-05,4.873867146670818e-05,0.0001123109832406044,0.00016845297068357468,0.00021155457943677902,0.00029425229877233505,0.00036778487265110016,0.0004518204368650913,0.0005536703392863274,0.0006827793549746275,0.0007933718152344227,0.0009357933886349201,0.0011102503631263971,0.001217634417116642,0.0014060104731470346,0.0015492676757276058,0.0016164473490789533,0.0017840139335021377,0.001797408731363248,0.001869999512564391,0.0019313399170641787,0.0018985771457664669,0.002378900069743395,0.002531078062020242,0.0013797301799058914,-3.9722188375890255e-05,-0.000698746764101088,-0.000803884700872004,-0.0007899306365288794,-0.000760151888243854,-0.0007297170232050121,-0.0007162827532738447,-0.0006861555157229304,-0.0006942792097106576,-0.000681193545460701,-0.0006636565667577088,-0.0007047423860058188,-0.0006678630015812814,-0.0006931902607902884,-0.0007328320061787963,-0.0006746987346559763,-0.0007585601997561753,-0.0007563802064396441,-0.0007198681705631316,-0.0008371958683710545,-0.0008050674805417657,-0.0008573450613766909,-0.0009904770413413644,-0.0010802446631714702,-0.0013301345170475543,-0.001735413435199007,-0.0023827230907045305,-0.002737026324211911,-0.0021953675895929337,-0.0012770304456353188,-0.0006878017447888851,-0.00044401735067367554,-0.0003490287344902754,-0.0002527895849198103,-0.00018980144523084164,-0.00017082225531339645,-9.578047320246696e-05,-6.79604709148407e-05
-0.00010019890032708645,-4.743202589452267e-05,-1.0441755875945091e-05,4.039122723042965e-05,8.562556467950344e-05,0.000145771075040102,0.00022553279995918274,0.00029035494662821293,0.00040016183629631996,0.0005013968329876661,0.0006346337031573057,0.0007907883264124393,0.0009455322287976742,0.0011482425034046173,0.0013189970050007105,0.0015227249823510647,0.001680755871348083,0.0017541185952723026,0.0018738608341664076,0.0018261617951793596,0.0018174389842897654,0.0018124540365533903,0.0017179142450913787,0.002149679232388735,0.0023014452308416367,0.001176677644252777,-0.00022092240396887064,-0.000843798799905926,-0.0009072662214748561,-0.0008738637552596629,-0.000827923824544996,-0.0007849556277506053,-0.0007618979434482753,-0.0007320764998439699,-0.000720219366485253,-0.000699226395227015,-0.0007005441293586046,-0.0007102449017111212,-0.0006734644121024758,-0.0007265552412718534,-0.0007121692760847509,-0.0006851201760582626,-0.0007813661359250546,-0.0007136395142879337,-0.0007448825053870678,-0.0008422027458436787,-0.0007682750292588025,-0.0008971038914751261,-0.0010260356648359448,-0.0011322192149236798,-0.0014518374809995294,-0.0020066186552867293,-0.002542152244132012,-0.002536908141337335,-0.0018083022441715002,-0.0009986800141632557,-0.0006438083946704865,-0.00045360345393419266,-0.0003746170550584793,-0.000319028040394187,-0.0002367398701608181,-0.00022187712602317333,-0.0001723412424325943,-0.00011803535744547844
-0.00016200286336243153,-0.00012455927208065987,-8.540204726159573e-05,-3.606104291975498e-05,2.3194588720798492e-06,6.303377449512482e-05,0.00014403415843844414,0.00020606862381100655,0.00032360153272747993,0.00043456139974296093,0.0005706371739506721,0.0007674822118133307,0.0009435722604393959,0.0011799600906670094,0.0014105236623436213,0.0016151939053088427,0.0017729518003761768,0.001824424834921956,0.0018544778431532905,0.0017398149939253926,0.001669252713327296,0.0015947084175422788,0.0014831289881840348,0.0019001406617462635,0.00201232370454818,0.0008737228927202523,-0.00044677627738565207,-0.0009801053092814982,-0.001009400497423485,-0.0009424251620657742,-0.000884973764186725,-0.0008348238479811698,-0.0007964336837176234,-0.0007660575793124735,-0.0007465863600373268,-0.0007187786977738142,-0.000724106197594665,-0.0007095160981407389,-0.000687604391714558,-0.0007454731239704415,-0.0006868704513181001,-0.0007164396738517098,-0.0007737379055470228,-0.0006793959910282865,-0.000797109940322116,-0.0008045109425438568,-0.0007572511822218075,-0.0009632006549509242,-0.0010243198194075376,-0.0012354226491879672,-0.0016817462164908648,-0.0022937156609259546,-0.0025623663677833974,-0.0022059606853872538,-0.0014642365276813507,-0.0008156225085258484,-0.000627696979790926,-0.00048172869719564915,-0.0003963550552725792,-0.00036706612445414066,-0.00030101765878498554,-0.00026396301109343767,-0.0002385932020843029,-0.00018541188910603523
-0.00022078445181250572,-0.00019511394202709198,-0.00017907586880028248,-0.00011388445273041725,-7.918337360024452e-05,-4.270114004611969e-05,5.18623273819685e-05,0.00011166371405124664,0.00021475227549672127,0.00035015540197491646,0.0004888719413429499,0.0007086403202265501,0.0009221329819411039,0.0011892393231391907,0.0014491586480289698,0.0016246018931269646,0.0017405413091182709,0.0017330041737295687,0.0016624803392915055,0.0015193280414678156,0.0014126322494121268,0.0012811754131689668,0.0012129415990784764,0.00164106918964535,0.0016612957697361708,0.0004945997497998178,-0.0006999628676567227,-0.0011071362532675266,-0.001090405523427762,-0.0009979044407373294,-0.0009322524274466559,-0.0008708632885827683,-0.0008224550801969599,-0.0007882469544711057,-0.0007642926429980434,-0.0007370889725279994,-0.0007358433959439026,-0.0007100269558577565,-0.0007107673300197348,-0.0007396309829346137,-0.000670768647978548,-0.0007544042164226994,-0.0007382898511423264,-0.000673079795888043,-0.000845018781546969,-0.0007380623355857097,-0.0008060331383603625,-0.0010243297185752454,-0.0009689936559880152,-0.0013813473051413894,-0.002010936485021375,-0.0024498560233041644,-0.002394554714555852,-0.0018435970414429903,-0.0011805023532360792,-0.0007347450591623783,-0.0006075217388570309,-0.0005164246540516615,-0.0004317756975069642,-0.000398187548853457,-0.0003684678813442588,-0.00030946824699640274,-0.0002961361315101385,-0.00026423961389809847
-0.00029209430795162916,-0.0002618231810629368,-0.0002697824966162443,-0.00020041782408952713,-0.000170927494764328,-0.00016130576841533184,-5.711102858185768e-05,-3.0673108994960785e-06,8.03701113909483e-05,0.00023743347264826298,0.0003772682975977659,0.0006114598363637924,0.0008642692118883133,0.001134261954575777,0.0013640508987009525,0.0014646383933722973,0.0014999365666881204,0.0014345580420922488,0.0013182663824409246,0.0011911182955373079,0.0010785633930936456,0.0009216071339324117,0.0009461200097575784,0.0013816936407238245,0.001246477389940992,7.16027534508612e-05,-0.0009469563519814983,-0.0012109073359169997,-0.0011393522581784055,-0.0010368951043346897,-0.0009662870434112847,-0.0008890858880477026,-0.0008425060077570379,-0.0008062695706030354,-0.0007708867196924984,-0.0007489890122087672,-0.0007405735668726265,-0.0007088311685947701,-0.0007244307489600033,-0.0007239520055009052,-0.0006729456654284149,-0.0007775240883347578,-0.0006931786192581058,-0.0006995176809141412,-0.0008632400131318718,-0.0006770756081095897,-0.0009118224115809426,-0.0010395462741144001,-0.0009521294400656188,-0.0016254474885499803,-0.0023613201919943094,-0.00239526922814548,-0.002070653426926583,-0.0015353442868217826,-0.0009529077215120196,-0.0007247822359204292,-0.0005898044910281897,-0.0005411749007180333,-0.00047914835158735514,-0.0004284358583390713,-0.0004228811012580991,-0.00036733527667820454,-0.00034560810308903456,-0.00034161959774792194
-0.00037549424450844526,-0.00032886338885873556,-0.00035647768527269363,-0.0003058176953345537,-0.00026637036353349686,-0.0002808582503348589,-0.00019319867715239525,-0.00013279030099511147,-7.316307164728642e-05,8.394056931138039e-05,0.00022844155319035053,0.00047513842582702637,0.000748263206332922,0.0009629223495721817,0.0011060598772019148,0.0011184702161699533,0.0010875379084609449,0.0010186572617385536,0.0009360112599097192,0.0008461974503006786,0.0007270248606801033,0.0005880804965272546,0.0007336749113164842,0.001121214372687973,0.0007772989629302174,-0.00036352823371998966,-0.001152186916442588,-0.0012696926423814148,-0.0011647187493508682,-0.0010542661038925871,-0.0009768091113073751,-0.0008995468160719611,-0.0008476143011648674,-0.0008106040440907236,-0.000770610808103811,-0.0007501264844904654,-0.0007440273311090095,-0.0007051545999274822,-0.0007254612137330696,-0.0007147836713556899,-0.0006844813105999492,-0.0007693463267059997,-0.0006609528754779603,-0.0007541409086115891,-0.0008275286163552664,-0.000659831079246942,-0.0010425103610032238,-0.0010195568572726188,-0.0010997133649652824,-0.002048711296993133,-0.0026207974005956203,-0.0021792801653646166,-0.0017353761941194534,-0.0012991140829399228,-0.0007981415838003159,-0.0007362785981968045,-0.0005864879349246621,-0.0005601285956799984,-0.0005252192495390773,-0.00045954028610140085,-0.0004670692142099142,-0.0004388954257592559,-0.0003872085362672806,-0.0004082038067281246
-0.00046353251673281193,-0.0004019050393253565,-0.0004399216268211603,-0.0004245003219693899,-0.00036792666651308537,-0.0004039218183606863,-0.00035182153806090355,-0.0002803110983222723,-0.000256615923717618,-0.00011053681373596191,5.5910320952534676e-05,0.0003059636801481247,0.0005634548142552376,0.0006882078014314175,0.0007379932794719934,0.0007116481428965926,0.0006868564814794809,0.0006736101931892335,0.0006479576404672116,0.0005755550810135901,0.00044036441249772906,0.00036215875297784805,0.0005981588183203712,0.0008339885680470616,0.00027696150937117636,-0.0007581980862596538,-0.001282140307012014,-0.001273929221497383,-0.0011668252263916656,-0.0010475958551978692,-0.0009643858938943595,-0.0009013720118673518,-0.0008331547433044761,-0.0008047651645028964,-0.0007707425393164158,-0.0007367242797045037,-0.0007391620456473902,-0.0007096796471159905,-0.0007142234244383872,-0.0007045675592962652,-0.0006973115960136056,-0.000735425332095474,-0.0006675745826214552,-0.0007965063850861043,-0.000749492523027584,-0.0007261333739734255,-0.0011264268541708589,-0.0009999892354244366,-0.0014216722497621959,-0.0025396173459739657,-0.002631498617120087,-0.001866556704044342,-0.0014922701520845294,-0.0010976593475788832,-0.000727412523701787,-0.0007385334465652704,-0.0005990873323753476,-0.0005728913238272071,-0.0005689526442438364,-0.0005015946226194501,-0.0004948511486873031,-0.0005097186658531427,-0.0004356421995908022,-0.000463800854049623
-0.0005428093718364835,-0.00048590090591460466,-0.0005188137292861938,-0.0005450710887089372,-0.0004828713135793805,-0.0005319169722497463,-0.0005213012918829918,-0.00045462907291948795,-0.0004654848016798496,-0.0003276495262980461,-0.00011179409921169281,0.00014605210162699223,0.00036131287924945354,0.0004221801646053791,0.0004320249427109957,0.0004394971765577793,0.0004884495756414253,0.0005288512911647558,0.0005164740832697134,0.0004234749358147383,0.0002804249816108495,0.00027647812385112047,0.0005053615313954651,0.000495009109727107,-0.00020859428332187235,-0.0010484580125194043,-0.0013257270329631865,-0.001232733455253765,-0.0011376022011972964,-0.0010185201244894415,-0.0009362177515868098,-0.0008891400066204369,-0.0008083712018560618,-0.0007899069751147181,-0.0007627038867212832,-0.0007157988729886711,-0.0007254763040691614,-0.0007105556724127382,-0.0006912638782523572,-0.0006991336995270103,-0.0007080620271153748,-0.0006909826188348234,-0.000703390222042799,-0.0007976853230502456,-0.0006844555900897831,-0.0008726654923520982,-0.0010850687394849956,-0.0010177432268392295,-0.0018640405032783747,-0.002842960050656984,-0.002319069142686203,-0.0015178982866927981,-0.0013305061729624867,-0.0009221043437719345,-0.0007216645171865821,-0.0007209855830296874,-0.0006269498262554407,-0.0005820733495056629,-0.0005978483241051435,-0.0005535634700208902,-0.0005172565579414368,-0.0005656795110553503,-0.0004970543086528778,-0.0005123374285176396
-0.0006116231670603156,-0.0005807492416352034,-0.000589104020036757,-0.0006559251341968775,-0.0006180974887683988,-0.0006630388088524342,-0.0006954818964004517,-0.0006594925653189421,-0.0006739641539752483,-0.00051462696865201,-0.00022003846243023872,6.399047560989857e-05,0.00023387093096971512,0.0002779737114906311,0.00032686383929103613,0.0004130596062168479,0.0005111707432661206,0.0005593553942162544,0.0005154042373760603,0.00038051241426728666,0.00024077465059235692,0.0002766160760074854,0.000390707966289483,0.00011008637375198305,-0.0006146651576273143,-0.001191986899357289,-0.001281911216210574,-0.001160011743195355,-0.0010766098275780678,-0.0009702476672828197,-0.0008904034039005637,-0.0008576377294957638,-0.0007823156774975359,-0.00075766711961478,-0.0007428312674164772,-0.0006970060057938099,-0.0007039065822027624,-0.000700168136972934,-0.0006664756219834089,-0.0006977187003940344,-0.000713869056198746,-0.0006460337317548692,-0.0007565959240309894,-0.0007628519088029861,-0.0006680253136437386,-0.0010462113423272967,-0.0009560069884173572,-0.0011824464017990977,-0.002421713579678908,-0.0028377543494571,-0.0018288444261997938,-0.0012758938828483224,-0.001195327378809452,-0.0007990192389115691,-0.0007460013730451465,-0.0006813093787059188,-0.0006663543172180653,-0.0005975720705464482,-0.0006095758872106671,-0.0006081118481233716,-0.0005433120531961322,-0.000605215085670352,-0.0005655136192217469,-0.0005559829296544194
-0.0006649327697232366,-0.000672491267323494,-0.0006648137932643294,-0.000752944266423583,-0.0007532010786235332,-0.0007957909256219864,-0.0008706531953066587,-0.0008740357588976622,-0.0008495757356286049,-0.0005998709239065647,-0.00019887229427695274,9.62037593126297e-05,0.00021849432960152626,0.0002799505600705743,0.0003973384737037122,0.0005393466854002327,0.0006297432596795716,0.00064089399529621,0.0005451195174828172,0.0003781542181968689,0.0002553836384322494,0.0002651931717991829,0.0001989080337807536,-0.0002586577320471406,-0.0008694459684193134,-0.0011851898161694407,-0.0011763244401663542,-0.0010555911576375365,-0.000988848158158362,-0.0009090710082091391,-0.0008250268292613328,-0.0008086628513410687,-0.0007513831369578838,-0.0007128278375603259,-0.0007175973150879145,-0.0006784824654459953,-0.0006649211863987148,-0.000692431814968586,-0.0006478059221990407,-0.0006796635570935905,-0.0007113759056665003,-0.0006202157237567008,-0.0008021575049497187,-0.0007169268792495131,-0.0007203947752714157,-0.00117820204468444,-0.0009153782157227397,-0.0015809762408025563,-0.002968504651363446,-0.002569407341070473,-0.0013820150052197278,-0.0012186074163764715,-0.0010340455919504166,-0.0007246282184496522,-0.0007813929114490747,-0.0006410727510228753,-0.0006993929855525494,-0.0006188194965943694,-0.0006166880484670401,-0.0006548486417159438,-0.0005763821536675096,-0.0006342909764498472,-0.0006326120346784592,-0.0006005362374708056
-0.0007112791063264012,-0.0007470060372725129,-0.0007453667931258678,-0.0008368808776140213,-0.0008785251993685961,-0.0009291686583310366,-0.001035658409819007,-0.0010638399980962276,-0.0009371065534651279,-0.0005171840311959386,-3.160792402923107e-05,0.00019413232803344727,0.00025306781753897667,0.0003435857652220875,0.0005030611209804192,0.0006460576616120761,0.0006915942649357021,0.000646981345965969,0.0005050307445344515,0.00034355351817794144,0.000251921359449625,0.00019316852558404207,-3.195577301084995e-05,-0.0005162663292139769,-0.0009373134234920144,-0.0010643929708749056,-0.0010343508329242468,-0.0009276448981836438,-0.0008785694371908903,-0.0008383335079997778,-0.0007459324551746249,-0.0007468798430636525,-0.0007107708370313048,-0.0006573623395524919,-0.0006861838628537953,-0.0006560254842042923,-0.0006183903897181153,-0.0006845722091384232,-0.0006307539879344404,-0.0006452620145864785,-0.0007091176230460405,-0.0006238647038117051,-0.0008081093546934426,-0.0006943678017705679,-0.000854775367770344,-0.0012285843840800226,-0.0010661541600711644,-0.002109332602003633,-0.0032084102276712656,-0.0021124291135947715,-0.0010667650494724512,-0.001228485954925418,-0.0008550172206014395,-0.0006965672946535051,-0.0008084551081992686,-0.0006214791210368276,-0.0007093013846315444,-0.0006477810675278306,-0.0006306986324489117,-0.0006835017120465636,-0.0006196015747264028,-0.0006561076152138412,-0.0006842155125923455,-0.0006557728629559278
-0.0007529712747782469,-0.0008071798365563154,-0.0008233795524574816,-0.0009096360299736261,-0.0009887906489893794,-0.0010554748587310314,-0.0011769861448556185,-0.0011847519781440496,-0.0008693239651620388,-0.00025950418785214424,0.00019969959976151586,0.0002662717888597399,0.000258787622442469,0.0003770404728129506,0.0005414578481577337,0.0006391095230355859,0.0006281655036843858,0.0005388869612943381,0.0003962141345255077,0.000280200969427824,0.00021896068938076496,9.741634130477905e-05,-0.00019663292914628983,-0.0006000155117362738,-0.0008515401277691126,-0.0008758758194744587,-0.0008694082498550415,-0.0007931656436994672,-0.0007523186504840851,-0.0007528525311499834,-0.0006636064499616623,-0.0006706184940412641,-0.0006657427875325084,-0.0006026314804330468,-0.000634294468909502,-0.0006340746767818928,-0.0005774007877334952,-0.0006562382914125919,-0.0006170467240735888,-0.000617771758697927,-0.000700361211784184,-0.000643265200778842,-0.0007795168785378337,-0.0007215376244857907,-0.0010331772500649095,-0.0012186149833723903,-0.001382507907692343,-0.002570149808889255,-0.002967409115370856,-0.0015812674537301064,-0.0009150367695838213,-0.00117825111374259,-0.0007228439208120108,-0.0007166976574808359,-0.0008004895062185824,-0.0006210820865817368,-0.0007103754905983806,-0.0006802501156926155,-0.0006475441623479128,-0.0006934271659702063,-0.0006673641037195921,-0.0006793132633902133,-0.0007170396856963634,-0.0007127143908292055
-0.0007822659681551158,-0.0008575944812037051,-0.000891655043233186,-0.0009708787547424436,-0.0010767351486720145,-0.0011588626657612622,-0.001281694509088993,-0.001191853720229119,-0.0006161162164062262,0.00011069673928432167,0.00039126636693254113,0.0002744992380030453,0.0002432541223242879,0.0003825353633146733,0.0005136198742548004,0.0005554571107495576,0.0005106189346406609,0.00041235715616494417,0.00032676756381988525,0.00027977628633379936,0.0002348900306969881,6.499211303889751e-05,-0.00021969922818243504,-0.0005161277949810028,-0.0006765974685549736,-0.000659991055727005,-0.0006968190427869558,-0.0006631221622228622,-0.0006170326378196478,-0.0006565693765878677,-0.0005886547733098269,-0.0005793491145595908,-0.0006111887050792575,-0.000553595251403749,-0.0005641009192913771,-0.0006081785541027784,-0.0005448251031339169,-0.0006074645789340138,-0.0006099438760429621,-0.0005984982708469033,-0.000667317071929574,-0.0006798326503485441,-0.0007457399042323232,-0.0007990163285285234,-0.0011956323869526386,-0.0012758371885865927,-0.0018305630655959249,-0.002839313223375939,-0.002418354240944609,-0.0011805800022557378,-0.0009577610762789845,-0.001047898840624839,-0.0006684891122858971,-0.0007611012551933527,-0.0007552698371000588,-0.0006459866417571902,-0.0007136373897083104,-0.0006965366774238646,-0.0006647466798312962,-0.000701182521879673,-0.0007045595557428896,-0.0006992179551161826,-0.0007431964040733874,-0.0007580137462355196
-0.0008101365529000759,-0.0008909311727620661,-0.0009373537031933665,-0.001018207025481388,-0.0011370817956048995,-0.0012333347694948316,-0.0013247937022242695,-0.001050372637109831,-0.00020884544937871397,0.0004956688062520698,0.0005072189960628748,0.0002771190775092691,0.0002797312627080828,0.0004264040617272258,0.0005174562138563488,0.0005258346209302545,0.0004866087074333336,0.00044112594332545996,0.000433844281360507,0.0004236591048538685,0.0003620984498411417,0.00014587445184588432,-0.0001128283329308033,-0.00032748840749263763,-0.00046474416740238667,-0.00045435805805027485,-0.0005225441418588161,-0.0005349204875528812,-0.0004857034655287862,-0.0005457152146846056,-0.0005175052210688591,-0.0004864883376285434,-0.0005431595491245389,-0.0005118043627589941,-0.0004953251918777823,-0.0005657600704580545,-0.0005171295488253236,-0.0005530719645321369,-0.0005977347027510405,-0.0005831678863614798,-0.0006259129149839282,-0.0007197888335213065,-0.0007222015410661697,-0.0009223457891494036,-0.0013318941928446293,-0.0015188140096142888,-0.0023195242101792246,-0.0028413281725079287,-0.001863773912191391,-0.0010189694148721173,-0.0010848878300748765,-0.0008733174472581595,-0.0006836625980213284,-0.0007962401723489165,-0.0007034927548374981,-0.000691732537234202,-0.0007093072053976357,-0.0006999723264016211,-0.0006912133248988539,-0.0007096085755620152,-0.0007239347032736987,-0.0007142077083699405,-0.0007641377160325646,-0.0007897900359239429
-0.0008355834434041753,-0.0009026645275298506,-0.0009649957501096651,-0.0010474091541254893,-0.0011658835428534076,-0.0012741839091177098,-0.0012834620210924186,-0.0007598434958708822,0.00027758267242461443,0.0008353496377822012,0.0005983430310152471,0.0003635554458014667,0.0004416430601850152,0.000575707876123488,0.000648338085738942,0.0006762731354683638,0.0006873349484521896,0.0007101959781721234,0.0007372638210654259,0.0006901179440319538,0.000563355628401041,0.00030564796179533005,5.5978307500481606e-05,-0.00010935007594525814,-0.00025604083202779293,-0.000282911816611886,-0.0003526178188621998,-0.00040571950376033783,-0.00036842399276793003,-0.00042524642776697874,-0.0004428152460604906,-0.0004030732670798898,-0.0004623222630470991,-0.00046453659888356924,-0.00043494184501469135,-0.0005065397126600146,-0.0004932181909680367,-0.0005014397902414203,-0.0005691747646778822,-0.0005715759471058846,-0.0005980317946523428,-0.0007393562700599432,-0.0007276934338733554,-0.0010968338465318084,-0.001490407739765942,-0.0018668640404939651,-0.002632026851642877,-0.0025402620995009784,-0.0014232201524464472,-0.0010000524707720615,-0.0011256810976192355,-0.000726643054804299,-0.0007493165612686425,-0.0007948869315441698,-0.0006681548111373559,-0.0007346098718699068,-0.0006980924517847598,-0.0007073756714817137,-0.0007136761560104787,-0.0007070565188769251,-0.0007357719587162137,-0.00073518707358744,-0.0007705085445195436,-0.000806325493613258
-0.0008479980897391215,-0.0008991102804429829,-0.0009774394129635766,-0.0010542529780650511,-0.0011636727722361684,-0.0012701091909548268,-0.0011524991714395583,-0.00036497486871667206,0.0007776159618515521,0.0011210669035790488,0.0007350011146627367,0.0005900294054299593,0.000728294369764626,0.0008449341112282127,0.0009356084046885371,0.0010222056007478386,0.0010876830201596022,0.0011165959294885397,0.0011043923441320658,0.0009622108191251755,0.0007475526072084904,0.0004746881313621998,0.00023045227862894535,8.461624383926392e-05,-7.304130122065544e-05,-0.00013266107998788357,-0.00019209668971598148,-0.00027946988120675087,-0.00026554567739367485,-0.00030788336880505085,-0.0003597727045416832,-0.0003293105401098728,-0.00037557806354016066,-0.00040635617915540934,-0.0003867846680805087,-0.00043858890421688557,-0.0004667786415666342,-0.00046006974298506975,-0.0005250342655926943,-0.0005590253276750445,-0.0005870910827070475,-0.0007374816341325641,-0.0007967798737809062,-0.0012982971966266632,-0.0017348030814900994,-0.0021798455745738465,-0.002620751445647329,-0.002050418042927049,-0.0011018125951522961,-0.0010188009291596245,-0.0010424162101116963,-0.0006612844299525023,-0.0008258881352958269,-0.0007526363879151177,-0.0006623040280828718,-0.000769708953157533,-0.0006859486256871605,-0.0007156537867558654,-0.0007245429223985411,-0.0007052120581647614,-0.0007424986630439889,-0.0007492496933991788,-0.0007707052918703994,-0.0008106862733257003
-0.0008420263911830261,-0.00088905481970869,-0.0009669869468780234,-0.0010358460858697072,-0.0011379645293345675,-0.0012101162064936943,-0.000947546235693153,7.06100172465085e-05,0.001245771418325603,0.0013805929920636117,0.0009470540098845959,0.000922219012863934,0.0010784754413180053,0.0011910118046216667,0.001318157243076712,0.001433557306881994,0.0014992249198257923,0.0014639687724411488,0.001362537732347846,0.0011324607767164707,0.0008640410378575325,0.0006113841664046049,0.00037789111956954,0.0002374460455030203,8.172029629349709e-05,-1.2104865163564682e-06,-5.691242404282093e-05,-0.00015873718075454235,-0.0001698024570941925,-0.00020264508202672005,-0.0002701934427022934,-0.0002623000182211399,-0.0002909008180722594,-0.00033983238972723484,-0.00034467189107090235,-0.0003695584600791335,-0.00042550743091851473,-0.0004275754326954484,-0.0004795552231371403,-0.0005425978451967239,-0.00058887735940516,-0.0007232262287288904,-0.0009522272739559412,-0.0015344920102506876,-0.002070411166641861,-0.0023942191037349403,-0.002363016188610345,-0.001626604043849511,-0.0009534792602607922,-0.001039478593156673,-0.000912269635591656,-0.0006764237696188502,-0.0008625601658422966,-0.0006994899595156312,-0.0006917649006936699,-0.0007803911503287964,-0.0006732814508723095,-0.0007234832592075691,-0.0007250713388202712,-0.0007085313118295744,-0.0007398689485853538,-0.000747736994526349,-0.000770126367569901,-0.0008051836048252881
-0.0008217427093768492,-0.0008714940049685538,-0.0009316736104665324,-0.0009982423071051016,-0.0010907103132922202,-0.001105423565604724,-0.0007004525105003268,0.0004921630606986582,0.0016600930248387158,0.0016432458069175482,0.0012143824715167284,0.0012795969378203154,0.0014119082334218547,0.0015193700091913342,0.001663591552642174,0.0017314214492216706,0.0017402961384505033,0.0016242826823145151,0.0014480468817055225,0.0011886388529092073,0.0009211539290845394,0.000709108542650938,0.0004899001214653254,0.00035096495412290096,0.00021485541947185993,0.00011020270176231861,5.100551061332226e-05,-4.363013431429863e-05,-7.828371599316597e-05,-0.00011116615496575832,-0.00017672707326710224,-0.00019454979337751865,-0.00022166769485920668,-0.00026509398594498634,-0.00029797968454658985,-0.00030919082928448915,-0.0003673549508675933,-0.0003992330748587847,-0.00043268699664622545,-0.0005163662135601044,-0.0006079316372051835,-0.000733227701857686,-0.001180416438728571,-0.001845595776103437,-0.0023914324992801994,-0.002448677900247276,-0.0020110826881136745,-0.0013819383821100928,-0.0009694419713923708,-0.0010259496375510935,-0.000805565323389601,-0.0007361237949226052,-0.0008480803153361194,-0.0006735768583894242,-0.0007372086656687316,-0.0007541191807831638,-0.000670157072818256,-0.0007383423835563008,-0.0007120207228581421,-0.0007102745348674944,-0.0007354910834465045,-0.0007353677228820743,-0.0007642825312359491,-0.0007877249954617582
-0.0007958466012496501,-0.000835282844491303,-0.0008839828660711646,-0.0009452250378672034,-0.0010107795533258468,-0.0009804307483136654,-0.00044778850860893726,0.0008720504119992256,0.0020131017081439495,0.0019021969055756927,0.001484102220274508,0.0015945247141644359,0.0016681504348525777,0.0017400417709723115,0.001855403752415441,0.0018260031938552856,0.0017744827782735229,0.0016155457124114037,0.0014103488065302372,0.0011798357591032982,0.000942461658269167,0.0007687730249017477,0.0005734334699809551,0.00043394952081143856,0.0003220199141651392,0.00020542019046843052,0.00014319620095193386,6.211875006556511e-05,3.4153927117586136e-06,-3.4332275390625e-05,-8.512195199728012e-05,-0.00012336834333837032,-0.00016207760199904442,-0.00018751295283436775,-0.00024068099446594715,-0.00026295706629753113,-0.00029946910217404366,-0.0003669608850032091,-0.00039559020660817623,-0.0004805417265743017,-0.0006286345887929201,-0.000817612512037158,-0.001465886365622282,-0.0022061807103455067,-0.002560532098868862,-0.002291656914167106,-0.001681549969362095,-0.001235289848409593,-0.0010239422554150224,-0.000964641229074914,-0.0007578611839562654,-0.0008050882024690509,-0.000798144505097298,-0.0006803134747315198,-0.0007734194950899109,-0.0007136066924431361,-0.0006851451325928792,-0.0007444613584084436,-0.0006900356529513374,-0.0007105740514816716,-0.0007261130522238091,-0.0007205698930192739,-0.0007449089171132073,-0.0007629204483237118
-0.0007618578092660755,-0.0007847528904676437,-0.0008291546837426722,-0.0008744089864194393,-0.0009066574857570231,-0.0008430520538240671,-0.00022159784566611052,0.001177334925159812,0.002300847554579377,0.002147573046386242,0.0017182655865326524,0.0018158786988351494,0.0018190636183135211,0.0018253685848321766,0.0018754869815893471,0.0017555023077875376,0.0016814222326502204,0.0015239401254802942,0.0013191744219511747,0.001146996859461069,0.0009455254767090082,0.0007915887981653214,0.0006343640852719545,0.0005024166312068701,0.0003985948860645294,0.0002887279260903597,0.00022664247080683708,0.00014739762991666794,8.400925435125828e-05,3.8312049582600594e-05,-1.1395197361707687e-05,-4.698592238128185e-05,-0.00010029994882643223,-0.00011958577670156956,-0.00017161061987280846,-0.00022108247503638268,-0.00023630191572010517,-0.0003172396682202816,-0.0003733125049620867,-0.0004545692354440689,-0.0006455038674175739,-0.0010008413810282946,-0.0018094785045832396,-0.0025355042598675936,-0.0025429194211028516,-0.002007956412853673,-0.0014504785649478436,-0.001130377349909395,-0.001026404497679323,-0.0008968424808699638,-0.0007704503368586302,-0.0008437817450612783,-0.0007432581624016166,-0.0007115615881048143,-0.0007810227398294955,-0.0006853565864730626,-0.0007095453620422632,-0.0007263639708980918,-0.0006746179424226284,-0.0007111845770850778,-0.0007022052886895835,-0.0007000780897215009,-0.0007196897058747709,-0.000731960404664278
-0.0007171740871854126,-0.0007298550917766988,-0.000761836941819638,-0.0007887994288466871,-0.0008043221896514297,-0.0006998348981142044,-3.8640573620796204e-05,0.0013813034165650606,0.002529726130887866,0.0023768815444782376,0.0018977056024596095,0.0019309535055072047,0.0018715246114879847,0.001800193298549857,0.0017826874973252416,0.0016161859966814518,0.001550469547510147,0.0014069592580199242,0.0012178656179457903,0.001110123936086893,0.000935632735490799,0.0007928395643830299,0.0006812589708715677,0.0005524721927940845,0.0004516413901001215,0.0003690544981509447,0.0002962618600577116,0.00021157367154955864,0.0001670648343861103,0.00011222856119275093,4.971004091203213e-05,3.109266981482506e-05,-3.455020487308502e-05,-6.777537055313587e-05,-9.369407780468464e-05,-0.00017010048031806946,-0.00018945545889437199,-0.00025264895521104336,-0.0003487491048872471,-0.0004465668462216854,-0.0006887395866215229,-0.001274632290005684,-0.0021932751405984163,-0.002738353479799116,-0.0023857596679590642,-0.001737165639497107,-0.001328905753325671,-0.0010805726633407176,-0.0009904985781759024,-0.000856381026096642,-0.0008048395975492895,-0.0008349423005711287,-0.0007186241564340889,-0.000756781199015677,-0.0007587292639072984,-0.0006744010024704039,-0.0007326739723794162,-0.0006948686786927283,-0.0006685588741675019,-0.0007055398309603333,-0.0006621256470680237,-0.000678702665027231,-0.0006951396353542805,-0.0006898884894326329
-0.0006676126504316926,-0.0006718199583701789,-0.0006856813561171293,-0.0006935484707355499,-0.0007009049877524376,-0.0005618938012048602,8.930009789764881e-05,0.001486774068325758,0.0026954037602990866,0.0025774771347641945,0.002021293679717928,0.0019695343216881156,0.001866140344645828,0.0017070277826860547,0.0016487296670675278,0.0014824711252003908,0.001412142300978303,0.0012954964768141508,0.0011355378665030003,0.001064239302650094,0.0009170249104499817,0.0007916458416730165,0.000709915766492486,0.0005860936362296343,0.0004977902863174677,0.000429708743467927,0.00035148276947438717,0.0002750807907432318,0.0002345251850783825,0.00018291804008185863,0.0001106145791709423,9.707501158118248e-05,4.3157488107681274e-05,-1.964275725185871e-05,-2.269796095788479e-05,-0.00010340102016925812,-0.0001497538760304451,-0.0001890894491225481,-0.00031619262881577015,-0.0004488406702876091,-0.0008011588361114264,-0.001621645176783204,-0.0025574484025128186,-0.002763717609923333,-0.00214575877180323,-0.0015569293755106628,-0.001268720137886703,-0.0010562905226834118,-0.0009537574951536953,-0.0008438218501396477,-0.0008320079068653286,-0.0008112256182357669,-0.0007295632385648787,-0.0007859631441533566,-0.0007231284398585558,-0.0006850786739960313,-0.0007386849028989673,-0.0006611404824070632,-0.0006645881803706288,-0.0006845681346021593,-0.0006307312869466841,-0.0006581168272532523,-0.0006555027212016284,-0.0006401542341336608
-0.0006117896409705281,-0.0006013208767399192,-0.0006094162818044424,-0.0005984754534438252,-0.0005905973957851529,-0.0004462876822799444,0.0001608928432688117,0.0015080126468092203,0.0027830167673528194,0.0027506330516189337,0.00211744278203696,0.0019600954838097095,0.00182974967174232,0.0015977277653291821,0.0015165304066613317,0.001372603583149612,0.0012799035757780075,0.001200550701469183,0.001077904598787427,0.00100922049023211,0.0008963237050920725,0.0007948458660393953,0.0007176501676440239,0.0006147793028503656,0.0005434767808765173,0.0004639476537704468,0.0004055520985275507,0.00034540263004601,0.0002772938460111618,0.00025036814622581005,0.0001819825265556574,0.0001446162350475788,0.00012070056982338428,4.2366329580545425e-05,2.968357875943184e-05,-2.551265060901642e-05,-9.681936353445053e-05,-0.0001373749691992998,-0.0002756065223366022,-0.0004675891250371933,-0.0010001722257584333,-0.0020118290558457375,-0.0028260021936148405,-0.002648784313350916,-0.0018978116568177938,-0.001463211257942021,-0.0012292914325371385,-0.0010300864232704043,-0.0009341010008938611,-0.000855586607940495,-0.0008470772299915552,-0.0007965834229253232,-0.0007582438411191106,-0.0007880281773395836,-0.0007005917141214013,-0.0007089297287166119,-0.0007137453067116439,-0.000637106248177588,-0.0006687052664346993,-0.0006435196264646947,-0.0006093423580750823,-0.0006318718078546226,-0.0006028115749359131,-0.0005984430899843574
-0.0005471482872962952,-0.0005200817249715328,-0.0005356170004233718,-0.0005094227381050587,-0.00047821016050875187,-0.0003488819347694516,0.0001919921487569809,0.0014477416407316923,0.0027774940244853497,0.0029020655783824623,0.00221390939259436,0.00192523148143664,0.0017830178985605016,0.001507982611656189,0.0013974762987345457,0.0012818900868296623,0.0011749186087399721,0.0011213300749659538,0.0010290741920471191,0.0009549742098897696,0.0008761684875935316,0.0007950232829898596,0.0007154864724725485,0.0006420239806175232,0.0005806130357086658,0.0004965958651155233,0.0004508337005972862,0.0004042242653667927,0.0003205162938684225,0.00030887231696397066,0.00025414908304810524,0.00018971413373947144,0.00018982146866619587,0.00011705700308084488,7.812096737325191e-05,4.975707270205021e-05,-3.026123158633709e-05,-9.095482528209686e-05,-0.000233157305046916,-0.0005245462525635958,-0.0012701693922281265,-0.002396879717707634,-0.002951827220385894,-0.002443763252813369,-0.0017256569408345968,-0.001429394877050072,-0.0011941258562728763,-0.0010097908088937402,-0.000941190985031426,-0.0008747198153287172,-0.000850670738145709,-0.0007990229642018676,-0.0007844030624255538,-0.0007741074077785015,-0.0007009870605543256,-0.0007248874753713608,-0.0006740459939464927,-0.0006321045802906156,-0.0006650587311014533,-0.0005910726031288505,-0.0005907891318202019,-0.0005977719556540251,-0.0005449597956612706,-0.0005634677363559604
-0.00047704391181468964,-0.00045635912101715803,-0.00045618019066751003,-0.0004172632470726967,-0.00037741544656455517,-0.00025930837728083134,0.0001996038481593132,0.0013135073240846395,0.002686179243028164,0.0030280373757705092,0.002324457520444412,0.0018924791365861893,0.0017402673765900545,0.0014443302061408758,0.001294064219109714,0.001208984642289579,0.0011002300307154655,0.0010520629584789276,0.0009836065582931042,0.0009125492069870234,0.0008578184060752392,0.0007862725760787725,0.0007194913923740387,0.0006577819585800171,0.0006025063339620829,0.0005404638359323144,0.00048345106188207865,0.0004496899200603366,0.00037769635673612356,0.00035241455771028996,0.0003199350321665406,0.00024960003793239594,0.00024483201559633017,0.00019533082377165556,0.0001376713626086712,0.00011908984743058681,4.226691089570522e-05,-4.0286220610141754e-05,-0.00019442266784608364,-0.0006329738534986973,-0.0015912710223346949,-0.0027264727978035808,-0.002936345425041509,-0.0022136399056762457,-0.0016479989117215155,-0.0014202626189216971,-0.001163986511528492,-0.0010106675326824188,-0.0009648806881159544,-0.0008946179877966642,-0.0008533315267413855,-0.0008139781421050429,-0.000805662595666945,-0.0007626080187037587,-0.0007101541850715876,-0.0007219950202852488,-0.0006488477811217308,-0.0006315310019999743,-0.0006338076200336218,-0.0005552389193326235,-0.0005712038837373257,-0.00054645084310323,-0.0004989244043827057,-0.0005150986835360527
-0.00040517072193324566,-0.00040588085539638996,-0.00036917044781148434,-0.00032785057555884123,-0.00029236217960715294,-0.00017141597345471382,0.00019068643450737,0.001137696672230959,0.002507453318685293,0.0030962444725446403,0.0024689330748515204,0.001884239783976227,0.0016993380122585222,0.0014119951520115137,0.0012159575708210468,0.0011484939604997635,0.0010465148370712996,0.0009910131338983774,0.0009460677392780781,0.0008846141863614321,0.0008368990384042263,0.0007741188164800406,0.0007305153412744403,0.0006663082167506218,0.0006126132793724537,0.0005854167975485325,0.0005083282012492418,0.0004870719276368618,0.00044238194823265076,0.00038419466000050306,0.00038207927718758583,0.00032200838904827833,0.0002885374706238508,0.0002729406114667654,0.0002097089309245348,0.0001857462339103222,0.0001214772928506136,1.7261365428566933e-05,-0.00017437641508877277,-0.0007818471640348434,-0.0019287287723273039,-0.0029586912132799625,-0.0028200304332131054,-0.0020269796368665993,-0.0016354810250049923,-0.0014115822850726545,-0.0011498176027089357,-0.0010427592787891626,-0.0009867354528978467,-0.0009122641058638692,-0.0008764073718339205,-0.0008387962589040399,-0.0008131996728479862,-0.0007600982207804918,-0.000726242084056139,-0.0007029203698039055,-0.0006347678136080503,-0.0006277543725445867,-0.0005841312231495976,-0.0005363214295357466,-0.0005407521966844797,-0.0004813731648027897,-0.0004658923717215657,-0.00045595807023346424
-0.00033774052280932665,-0.00034582673106342554,-0.00028612965252250433,-0.00025002320762723684,-0.00020781881175935268,-8.918112143874168e-05,0.00017600832507014275,0.0009546596556901932,0.0022471612319350243,0.00307649711612612,0.0026465826158528216,0.0019210592727176845,0.0016605447090114467,0.0014041023678146303,0.0011672732653096318,0.0010946032125502825,0.0010097865015268326,0.0009425729513168335,0.0009134176652878523,0.0008633410325273871,0.0008192092645913363,0.0007638612296432257,0.000734425731934607,0.0006804722361266613,0.0006244535325095057,0.0006158666219562292,0.0005372861633077264,0.0005153152160346508,0.0004987783031538129,0.0004241066053509712,0.00043310888577252626,0.00039429671596735716,0.00033770943991839886,0.0003438250860199332,0.00028815504629164934,0.00025113008450716734,0.00020745187066495419,8.715502917766571e-05,-0.0001805566716939211,-0.0009563218336552382,-0.0022465642541646957,-0.003078277164604515,-0.002648025780217722,-0.001919305301271379,-0.0016601502138655633,-0.001405555463861674,-0.0011671452084556222,-0.0010936872567981482,-0.0010082327062264085,-0.0009405449964106083,-0.0009122075280174613,-0.0008627203060314059,-0.0008179432479664683,-0.0007648728787899017,-0.00073717359919101,-0.0006805963348597288,-0.0006223426898941398,-0.0006159056210890412,-0.0005389376310631633,-0.0005158664425835013,-0.0004993539769202471,-0.00042258668690919876,-0.0004295981489121914,-0.0003911694511771202
-0.00028921826742589474,-0.0002714731963351369,-0.00020888587459921837,-0.00018596765585243702,-0.00011999672278761864,-1.642736606299877e-05,0.00017458642832934856,0.0007824394851922989,0.0019280193373560905,0.0029553682543337345,0.002818325021507917,0.0020264629274606705,0.0016360753688786644,0.0014116864185780287,0.0011500079417601228,0.0010439313482493162,0.0009857360273599625,0.0009115840075537562,0.0008795898174867034,0.0008407251443713903,0.0008136270334944129,0.0007584465201944113,0.0007246023742482066,0.000701922457665205,0.0006344428984448314,0.0006287004798650742,0.0005850308807566762,0.0005351075669750571,0.0005407904973253608,0.0004834509454667568,0.00046721869148314,0.0004584449343383312,0.0004052392905578017,0.0004037049366161227,0.00036995101254433393,0.00032682379242032766,0.00028952641878277063,0.00017007021233439445,-0.00019320566207170486,-0.001140790292993188,-0.00250794505700469,-0.0030941517325118184,-0.0024680681090103462,-0.001883327669929713,-0.0017003340617520735,-0.0014131488860584795,-0.0012167091481387615,-0.0011492391349747777,-0.0010444808285683393,-0.0009886894840747118,-0.0009467399213463068,-0.0008847103454172611,-0.000836994731798768,-0.0007748641073703766,-0.0007299808785319328,-0.0006637310143560171,-0.0006129227112978697,-0.0005862775724381208,-0.0005062420386821032,-0.00048605608753859997,-0.0004452144494280219,-0.0003838679986074567,-0.00037950300611555576,-0.0003224927932024002
-0.0002448251470923424,-0.00019371055532246828,-0.00013797101564705372,-0.00011926447041332722,-3.961566835641861e-05,4.152022302150726e-05,0.00019538449123501778,0.0006340898107737303,0.001589608145877719,0.0027251634746789932,0.0029366579528868897,0.0022122369846329093,0.0016469487763970392,0.0014208316570147872,0.0011642748722806573,0.0010098670609295368,0.0009631830034777522,0.0008933092467486858,0.0008554221130907536,0.000815460691228509,0.000805814634077251,0.0007625651778653264,0.0007104816613718867,0.0007217526435852051,0.0006470660446211696,0.0006309932796284556,0.0006345572182908654,0.0005557570839300752,0.0005712783895432949,0.0005457884399220347,0.0004979207878932357,0.0005156032275408506,0.00047819199971854687,0.0004582132678478956,0.00045595329720526934,0.0004165077116340399,0.0003747596638277173,0.00025609240401536226,-0.00019979709759354591,-0.0013129531871527433,-0.002686758292838931,-0.003026624384801835,-0.002320994492038153,-0.0018929640646092594,-0.0017435483314329758,-0.0014469022862613201,-0.0012933752732351422,-0.0012065478367730975,-0.0010978057980537415,-0.0010519430506974459,-0.0009851404465734959,-0.0009138528257608414,-0.0008593280799686909,-0.0007854134310036898,-0.0007173055782914162,-0.0006557966116815805,-0.0006001689471304417,-0.0005391973536461592,-0.000483765616081655,-0.00045027444139122963,-0.00038049486465752125,-0.00035333307459950447,-0.0003207543632015586,-0.0002499254187569022
-0.0001896439353004098,-0.00011613196693360806,-7.796520367264748e-05,-4.728604108095169e-05,3.326660953462124e-05,9.016785770654678e-05,0.00023427349515259266,0.0005256314761936665,0.001271317945793271,0.0023976090596988797,0.0029500875243684277,0.002442378958221525,0.001725703026750125,0.0014287987141869962,0.0011932833585888147,0.0010087467962875962,0.0009403214789927006,0.0008741166675463319,0.0008493702625855803,0.0007991679012775421,0.0007841326296329498,0.0007751433877274394,0.0007019767072051764,0.0007253438234329224,0.0006757583469152451,0.0006328820018097758,0.0006638270569965243,0.0005913570057600737,0.000591838383115828,0.0005961918504908681,0.0005440291715785861,0.0005612722598016262,0.0005483176792040467,0.0005231114337220788,0.0005368964048102498,0.0005084734875708818,0.0004753058310598135,0.00034491601400077343,-0.00019262242130935192,-0.001444510417059064,-0.002776894485577941,-0.002903429965954274,-0.0022142694506328553,-0.0019265973824076355,-0.001784558204235509,-0.0015083623584359884,-0.0013968420680612326,-0.0012796182418242097,-0.0011737048625946045,-0.0011219631414860487,-0.0010292869992554188,-0.0009540056344121695,-0.0008770436979830265,-0.0007943280506879091,-0.0007145635318011045,-0.0006406398024410009,-0.0005783401429653168,-0.0004954712931066751,-0.00045407796278595924,-0.0004056795733049512,-0.0003196962643414736,-0.00031119189225137234,-0.0002574786776676774,-0.00019013392738997936
-0.00011960742995142937,-4.345760680735111e-05,-2.9406044632196426e-05,2.806331031024456e-05,9.817956015467644e-05,0.00013795262202620506,0.0002764135133475065,0.00046704127453267574,0.0009993158746510744,0.0020117301028221846,0.0028252797201275826,0.002646383421961218,0.0018977881409227848,0.0014635970001108944,0.0012285267002880573,0.0010294188978150487,0.0009347354061901569,0.0008545632008463144,0.0008462861296720803,0.0007968607824295759,0.0007564217085018754,0.0007895923918113112,0.000701768440194428,0.0007097987690940499,0.0007150703459046781,0.0006395624950528145,0.0006676945486105978,0.0006405905005522072,0.0006087407236918807,0.0006326151778921485,0.0006025760667398572,0.0005987123586237431,0.0006115799769759178,0.000598664628341794,0.0006079617887735367,0.0005984335439279675,0.0005911223124712706,0.0004477245965972543,-0.0001603248529136181,-0.0015081081073731184,-0.0027810782194137573,-0.0027505792677402496,-0.002122061181580648,-0.0019606261048465967,-0.0018276424671057612,-0.0015964533668011427,-0.0015148853417485952,-0.0013726819306612015,-0.0012813436333090067,-0.0012005278840661049,-0.0010765432380139828,-0.0010077720507979393,-0.0008957542013376951,-0.0007960638031363487,-0.000718163326382637,-0.0006151157431304455,-0.000543840229511261,-0.0004651597701013088,-0.0004057041369378567,-0.00034451507963240147,-0.0002777385525405407,-0.00025038886815309525,-0.00018297089263796806,-0.00014546187594532967
-4.196306690573692e-05,1.8009915947914124e-05,2.4586915969848633e-05,0.00010421616025269032,0.0001489387359470129,0.00019064382649958134,0.0003166415262967348,0.00044843321666121483,0.0008008773438632488,0.0016216430813074112,0.002556825813371688,0.0027628189709503204,0.002143802645150572,0.0015572436095681041,0.0012699775397777557,0.0010576758068054914,0.0009534924174658954,0.0008450568420812488,0.0008312605204991996,0.0008108094916678965,0.0007318846764974296,0.0007872902206145227,0.0007239268743433058,0.0006857510306872427,0.000736589019652456,0.0006581007037311792,0.000664898194372654,0.0006848850171081722,0.0006310942699201405,0.0006582243950106204,0.0006565180374309421,0.0006406579632312059,0.0006667445995844901,0.0006681685918010771,0.0006818627007305622,0.0006934974808245897,0.0007037249160930514,0.0005633720429614186,-8.903583511710167e-05,-0.0014850423904135823,-0.0026952882762998343,-0.0025784001918509603,-0.002023749111685902,-0.0019708092731889337,-0.001864868332631886,-0.0017042232502717525,-0.0016488598776049912,-0.0014830806758254766,-0.0014115727972239256,-0.0012974408455193043,-0.001135947648435831,-0.0010640001855790615,-0.0009177210740745068,-0.0007932442240417004,-0.0007120701484382153,-0.0005882352124899626,-0.0004980424419045448,-0.00042753503657877445,-0.0003498068545013666,-0.00027450243942439556,-0.00023372191935777664,-0.00018298206850886345,-0.00011100247502326965,-9.649130515754223e-05
3.4107593819499016e-05,6.905174814164639e-05,9.366567246615887e-05,0.00016895984299480915,0.00018999003805220127,0.0002535874955356121,0.0003501530736684799,0.000444984994828701,0.0006880946457386017,0.0012755414936691523,0.0021932251984253526,0.002736936211476859,0.0023835381725803018,0.0017355931295242044,0.0013297664700075984,0.0010825591743923724,0.0009908140636980534,0.0008573185768909752,0.0008055337239056826,0.0008365356188733131,0.0007199698593467474,0.0007562293321825564,0.0007604449056088924,0.0006736462819389999,0.0007306972402147949,0.0006924806511960924,0.0006660419167019427,0.0007070833235047758,0.0006640105857513845,0.0006802290445193648,0.0006954646087251604,0.000688561296556145,0.0007173448684625328,0.0007274615345522761,0.0007582908147014678,0.0007869752589613199,0.000804509618319571,0.0006998809985816479,3.892567474395037e-05,-0.0013788400683552027,-0.0025308001786470413,-0.002378141158260405,-0.0018964780610986054,-0.0019308631817693822,-0.00187066470971331,-0.0017984110818360932,-0.0017830391880124807,-0.0016162904212251306,-0.001549833221361041,-0.0014078908134251833,-0.001217351295053959,-0.0011107162572443485,-0.0009352783672511578,-0.0007945524994283915,-0.0006845192983746529,-0.0005525525193661451,-0.00045025162398815155,-0.00036708638072013855,-0.00029397360049188137,-0.00020913267508149147,-0.0001669740304350853,-0.00011365418322384357,-5.0354981794953346e-05,-3.116065636277199e-05
0.00010215840302407742,0.00011982466094195843,0.00017054961062967777,0.00022090156562626362,0.0002356516197323799,0.000317924190312624,0.000373536953702569,0.00045490055344998837,0.0006453460082411766,0.0010005715303122997,0.0018103683833032846,0.0025377621641382575,0.0025410535745322704,0.002005720336455852,0.0014518889947794378,0.0011310988920740783,0.001025574456434697,0.0008983259904198349,0.00077166932169348,0.0008433274051640183,0.0007456096354871988,0.0007126173004508018,0.0007807636284269392,0.0006847858312539756,0.0007095951878000051,0.0007261380960699171,0.0006727667641825974,0.0007112589664757252,0.0007022733625490218,0.0007006486412137747,0.0007219862018246204,0.0007336107082664967,0.0007613710477016866,0.0007831845432519913,0.0008274235296994448,0.000872589647769928,0.0009075892739929259,0.0008458638330921531,0.00022107164841145277,-0.0011792673030868173,-0.0023002310190349817,-0.002148781204596162,-0.0017183205345645547,-0.001814302522689104,-0.0018190486589446664,-0.0018258272903040051,-0.001875680172815919,-0.0017555219819769263,-0.001681106397882104,-0.0015210832934826612,-0.0013176824431866407,-0.001147649483755231,-0.0009466744959354401,-0.0007927305996417999,-0.0006335540674626827,-0.0005017800722271204,-0.00040038046427071095,-0.0002905710134655237,-0.00022544432431459427,-0.00014666933566331863,-8.511357009410858e-05,-3.9314618334174156e-05,9.945593774318695e-06,4.707113839685917e-05
0.00016157724894583225,0.0001857830211520195,0.0002398535143584013,0.0002644350752234459,0.00030085351318120956,0.00036632479168474674,0.00039432477205991745,0.00048198923468589783,0.0006289035081863403,0.0008178374264389277,0.0014666719362139702,0.0022065029479563236,0.002560982946306467,0.0022919123293831944,0.0016803458565846086,0.001235104602528736,0.0010223698045592755,0.0009641360156820156,0.0007581628015032038,0.0008049899915931746,0.0007996475324034691,0.0006807777244830504,0.0007725316972937435,0.0007137910433812067,0.0006869418866699561,0.00074525891977828,0.0006888435600558296,0.0007096016634022817,0.0007248259207699448,0.0007202146225608885,0.0007456232560798526,0.0007637576200067997,0.0007954978500492871,0.0008356838661711663,0.0008848610159475356,0.0009444292227271944,0.0010102960804942995,0.000981294084340334,0.00044738268479704857,-0.0008746333769522607,-0.002011988661251962,-0.0019008180825039744,-0.0014833450550213456,-0.0015947390929795802,-0.0016688923933543265,-0.0017412453307770193,-0.0018560290918685496,-0.0018262392841279507,-0.0017726286314427853,-0.0016131207812577486,-0.0014089122414588928,-0.0011809009592980146,-0.0009452595841139555,-0.0007687159813940525,-0.0005703987553715706,-0.00043457536958158016,-0.00032572587952017784,-0.000206466531381011,-0.00014202785678207874,-6.307126022875309e-05,-4.068948328495026e-06,3.497907891869545e-05,8.534756489098072e-05,0.00012370781041681767
0.0002197133144363761,0.0002644316991791129,0.00029905454721301794,0.0003098293673247099,0.0003682569367811084,0.00039981480222195387,0.0004307569470256567,0.0005150893703103065,0.0006083974149078131,0.0007345289923250675,0.0011819195933640003,0.0018460535211488605,0.0023930482275318354,0.002447522187139839,0.0020092629711143672,0.0013810706732328981,0.0009703378600534052,0.0010239516591354914,0.0008039348394959234,0.0007369499653577805,0.0008462541300104931,0.0006727063082507811,0.000739318009436829,0.000755078173824586,0.0006721060399286216,0.0007393228142973385,0.0007122407423594268,0.000710068747139303,0.0007341118557633308,0.0007358751136052888,0.000763228150390205,0.0007872468631830998,0.0008231157007685397,0.0008716574011486955,0.0009313562550232746,0.0009984469506889582,0.0010912155557889491,0.001106234107282944,0.0007008221582509577,-0.0004945588298141956,-0.0016623861156404018,-0.0016398777952417731,-0.0012119250604882836,-0.0012801288394257426,-0.0014118803228484467,-0.001519165001809597,-0.0016640481044305488,-0.0017324223881587386,-0.0017397000920027494,-0.0016234496142715216,-0.0014486408326774836,-0.0011922754347324371,-0.0009211509022861719,-0.0007080517243593931,-0.000490464735776186,-0.0003509439993649721,-0.0002157746348530054,-0.00011150771751999855,-5.2277697250247e-05,4.4535379856824875e-05,7.920828647911549e-05,0.00011206907220184803,0.00017789751291275024,0.00019428133964538574
0.0002907576272264123,0.00034122762735933065,0.0003464948385953903,0.0003684874391183257,0.00042366923298686743,0.00042840326204895973,0.0004790492821484804,0.0005402489332482219,0.0005895115900784731,0.0007257764227688313,0.0009536020224913955,0.0015366035513579845,0.0020711523829959333,0.0023926549474708736,0.0023598975967615843,0.0016255538689620153,0.0009543610935907054,0.0010396165380370803,0.0009121132461586967,0.000676255498547107,0.0008614476537331939,0.000698591218679212,0.0006936868012417108,0.0007805526402080432,0.00067113820114173,0.0007238432444864884,0.0007277414842974395,0.0007090922445058823,0.0007400036847684532,0.0007470324926543981,0.0007691866485401988,0.0008054011414060369,0.0008432930044364184,0.000888974464032799,0.0009663958044257015,0.0010369754454586655,0.0011388270795578137,0.00120965840324061,0.000948231405345723,-7.13156850906671e-05,-0.0012469406938180327,-0.0013791488599963486,-0.0009459509747102857,-0.0009199503110721707,-0.0010783103643916547,-0.0011902547557838261,-0.001320309063885361,-0.001434823905583471,-0.0014994984958320856,-0.0014637415297329426,-0.001366030890494585,-0.0011353211011737585,-0.0008638487197458744,-0.0006094258278608322,-0.00037604826502501965,-0.0002381384838372469,-8.128117769956589e-05,1.5757977962493896e-06,5.507166497409344e-05,0.00015876535326242447,0.00017139478586614132,0.0002016793005168438,0.00027056667022407055,0.00026303459890186787
0.000377094023860991,0.00040710833854973316,0.0003855618415400386,0.0004391270922496915,0.00046662683598697186,0.0004591807955875993,0.0005259643075987697,0.0005601437296718359,0.000587248825468123,0.0007373304106295109,0.0007982214447110891,0.0012983381748199463,0.0017341462662443519,0.0021806421464134473,0.0026213865203317255,0.00204807915542915,0.0010994512995239347,0.001021652159124642,0.0010436429074616171,0.0006595287995878607,0.0008250891842180863,0.0007523548338213004,0.0006613860787183512,0.0007684918673476204,0.000684790002196678,0.0007153611668400117,0.0007250895851029782,0.0007055645000946242,0.0007435237844219955,0.0007494073252019007,0.000770041062423843,0.0008107417888822965,0.0008469267013424542,0.000899334168934729,0.0009779432075447403,0.001054592547006905,0.0011641518212854862,0.0012698466453002766,0.0011508113821037114,0.0003632770385593176,-0.0007756719714961946,-0.0011204892653040588,-0.0007346994243562222,-0.0005882424302399158,-0.0007273050723597407,-0.000846484283101745,-0.0009365387377329171,-0.0010204903519479558,-0.001087446988094598,-0.0011189260985702276,-0.001106725074350834,-0.0009622140787541866,-0.0007488736882805824,-0.0004744594916701317,-0.00022731628268957138,-8.393079042434692e-05,7.398426532745361e-05,0.0001324727199971676,0.00019068620167672634,0.0002787092234939337,0.0002671757247298956,0.00030792620964348316,0.0003588494146242738,0.0003294681664556265
0.00046429026406258345,0.0004642439307644963,0.00043457478750497103,0.0005075341323390603,0.0004936460172757506,0.0005005912389606237,0.0005700992187485099,0.0005738046020269394,0.0005996873369440436,0.0007393549894914031,0.0007275947136804461,0.0010957871563732624,0.0014914245111867785,0.0018694219179451466,0.0026319396565668285,0.0025373474741172686,0.0014201999151737255,0.0010009941324824467,0.0011275596334598958,0.0007250776834553108,0.0007500054489355534,0.0007952939486131072,0.000664559833239764,0.000733681779820472,0.0006992345297476277,0.0007063740631565452,0.0007135687774280086,0.0007090551225701347,0.0007373648113571107,0.0007365891069639474,0.0007717025582678616,0.0008048437157412991,0.0008318607870023698,0.0009026917105074972,0.0009664253448136151,0.0010483372607268393,0.0011660637828754261,0.0012748314693453722,0.00128250740817748,0.0007602096966365934,-0.0002776054898276925,-0.0008367245609406382,-0.0005973195075057447,-0.0003632420557551086,-0.0004405492218211293,-0.0005767826805822551,-0.0006473552493844181,-0.0006743250996805727,-0.0006882317538838834,-0.0007113909814506769,-0.0007375928107649088,-0.0006902369204908609,-0.0005650543607771397,-0.00030630966648459435,-5.612242966890335e-05,0.00011203624308109283,0.000256797531619668,0.00028067128732800484,0.00035175634548068047,0.00040486641228199005,0.00036768242716789246,0.00042563537135720253,0.00044191465713083744,0.0004009961849078536
0.0005421978421509266,0.0005141549045220017,0.0004974764306098223,0.000564735964871943,0.0005158153362572193,0.0005529350601136684,0.0005987846525385976,0.0005844654515385628,0.0006269043078646064,0.0007212351774796844,0.0007214308716356754,0.0009213422890752554,0.0013330475194379687,0.0015177888562902808,0.002317878301255405,0.0028415388496796368,0.0018631179700605571,0.0010158775257878006,0.0010841418989002705,0.000874761026352644,0.0006846156029496342,0.0007954511675052345,0.0007018615724518895,0.0006914699333719909,0.0007097022607922554,0.0007003614446148276,0.0006912773824296892,0.0007103077950887382,0.0007254380907397717,0.0007157754735089839,0.0007629625615663826,0.0007894168375059962,0.0008085916633717716,0.0008898859668988734,0.0009364907746203244,0.0010179139790125191,0.0011374658497516066,0.0012342107656877488,0.001326909987255931,0.0010507538681849837,0.0002088825567625463,-0.0004969479632563889,-0.0005072897183708847,-0.0002779206552077085,-0.00028009356174152344,-0.00042389630107209086,-0.0005159129323146772,-0.0005275735165923834,-0.000487975212308811,-0.000439911731518805,-0.0004322060849517584,-0.00042337691411376,-0.00036188215017318726,-0.00014703883789479733,0.00011227442882955074,0.0003277761861681938,0.0004642195999622345,0.00045488053001463413,0.0005227862857282162,0.0005354310851544142,0.0004834425635635853,0.0005439905216917396,0.000518225715495646,0.0004849247634410858
0.0006098736776039004,0.0005557799013331532,0.0005660835886374116,0.0006061448948457837,0.0005444150883704424,0.0006093727424740791,0.0006102576153352857,0.000598698272369802,0.0006668075220659375,0.0006793051725253463,0.0007437374442815781,0.0007975450716912746,0.0011952148051932454,0.0012772638583555818,0.00183104258030653,0.0028399002039805055,0.0024194412981159985,0.0011797924526035786,0.0009549968526698649,0.0010461853235028684,0.000667780201183632,0.0007620021933689713,0.0007577011128887534,0.0006474062683992088,0.0007128033321350813,0.0006976767908781767,0.0006659789360128343,0.0007000664481893182,0.0007048450061120093,0.0006972866831347346,0.000743584125302732,0.0007590814493596554,0.0007817844743840396,0.0008563739247620106,0.0008910450851544738,0.0009704468538984656,0.0010772969108074903,0.0011589719797484577,0.0012827503378503025,0.0011932022171095014,0.0006149415858089924,-0.00011036862269975245,-0.0003913193359039724,-0.0002769117127172649,-0.00024100241716951132,-0.00038110578316263855,-0.0005144700480741449,-0.000556774641154334,-0.0005100351700093597,-0.00041145121213048697,-0.0003271654713898897,-0.00027861446142196655,-0.00023391935974359512,-6.430712528526783e-05,0.00021783588454127312,0.0005138798151165247,0.0006759297102689743,0.0006607312243431807,0.0006962621118873358,0.0006641381187364459,0.0006175292655825615,0.0006558821769431233,0.0005883212434127927,0.0005785134853795171
0.0006653149612247944,0.000600938219577074,0.0006346616428345442,0.0006363991415128112,0.0005775723839178681,0.0006559672765433788,0.0006176180904731154,0.0006181495264172554,0.0006998571334406734,0.0006425606552511454,0.0007781998720020056,0.0007219752296805382,0.0010329437209293246,0.0012196711031720042,0.0013844724744558334,0.00257093517575413,0.0029676187634777307,0.0015804648282937706,0.0009141564951278269,0.0011761952191591263,0.0007207637536339462,0.0007175517966970801,0.0008039970998652279,0.0006230837316252291,0.000711025670170784,0.0006789189064875245,0.0006457939161919057,0.0006922995671629906,0.000665741041302681,0.000679731136187911,0.0007176054641604424,0.0007123581599444151,0.0007513807504437864,0.0008088307804428041,0.0008264550706371665,0.0009097051224671304,0.0009873873787000775,0.0010535602923482656,0.0011767289834097028,0.0011856515193358064,0.0008702699560672045,0.000258510815910995,-0.00019926432287320495,-0.00026646043988876045,-0.0002578333514975384,-0.00037817907286807895,-0.0005419223452918231,-0.0006389298068825155,-0.0006283477601982668,-0.0005387505516409874,-0.00039720709901303053,-0.00027813203632831573,-0.0002164661418646574,-9.645498357713223e-05,0.00019606738351285458,0.0005989477504044771,0.0008507533930242062,0.0008752178400754929,0.0008706756634637713,0.0007939668139442801,0.000753008876927197,0.0007537518395110965,0.0006624085363000631,0.0006707034772261977
0.0007108384743332863,0.000656641146633774,0.0006865160539746284,0.0006579856853932142,0.0006192114087752998,0.0006831470527686179,0.0006295233033597469,0.0006459555588662624,0.0007107555284164846,0.000622361374553293,0.0008089713519439101,0.0006961581530049443,0.0008539944537915289,0.0012280686642043293,0.0010651523480191827,0.002111480715200287,0.0032094855268951505,0.00211053094409408,0.0010655945516191423,0.0012288905563764274,0.0008560498245060444,0.0006953533156774938,0.0008077322854660451,0.0006227160338312387,0.0007099760696291924,0.0006469414802268147,0.0006313600460998714,0.0006824047304689884,0.0006191497668623924,0.0006574015133082867,0.0006843992741778493,0.0006570119294337928,0.0007128827273845673,0.0007486705435439944,0.0007455622544512153,0.0008367709815502167,0.0008769690757617354,0.0009276710916310549,0.001034088316373527,0.0010638348758220673,0.0009381800191476941,0.0005172768142074347,3.154296427965164e-05,-0.00019376282580196857,-0.00025302323047071695,-0.0003413498925510794,-0.0005024638012400828,-0.0006472552627769801,-0.0006916755810379982,-0.0006462896857897249,-0.0005024648526159581,-0.0003413672384340316,-0.0002513828221708536,-0.0001945275580510497,3.24655557051301e-05,0.00051789206918329,0.000936423777602613,0.0010631552431732416,0.0010346166091039777,0.0009276557248085737,0.0008782005170360208,0.0008373201126232743,0.0007457048632204533,0.0007473538862541318
0.0007498221239075065,0.0007124217227101326,0.0007169992313720286,0.0006782523123547435,0.0006679128855466843,0.0006932385149411857,0.0006460429867729545,0.0006789290928281844,0.0007111005834303796,0.0006215390167199075,0.0008041262626647949,0.0007186282891780138,0.0007193897617980838,0.001175421813968569,0.0009139695903286338,0.0015820479020476341,0.002968870647919175,0.002569003409007564,0.0013822601176798344,0.0012189937988296151,0.0010352743556722999,0.0007233371725305915,0.0007786540081724524,0.0006413031369447708,0.0007005301304161549,0.0006199418567121029,0.0006181508069857955,0.0006562459748238325,0.0005776691250503063,0.0006348827155306935,0.0006329815369099379,0.0006013066740706563,0.0006671007722616196,0.0006707700667902827,0.0006616488099098206,0.0007526376284658909,0.0007528275018557906,0.0007937375921756029,0.0008715396979823709,0.0008750057313591242,0.0008479631505906582,0.0005996522959321737,0.0001983370166271925,-9.36528667807579e-05,-0.00021684530656784773,-0.0002795201726257801,-0.0003963222843594849,-0.0005387885612435639,-0.0006296884197354302,-0.0006400702113751322,-0.0005423204856924713,-0.0003782424610108137,-0.00025698085664771497,-0.00026398060435894877,-0.0001980604138225317,0.0002584572648629546,0.0008701476035639644,0.0011848233407363296,0.0011760902125388384,0.0010541133815422654,0.0009899567812681198,0.000910403614398092,0.0008252402767539024,0.0008079329854808748
0.0007824079948477447,0.0007573198527097702,0.0007415632135234773,0.0006980402395129204,0.0007055724272504449,0.000701211451087147,0.0006670770235359669,0.0006962260813452303,0.0007125717238523066,0.0006484237965196371,0.00075764290522784,0.0007622501580044627,0.0006678668432869017,0.0010461027850396931,0.0009555621654726565,0.0011795319151133299,0.002420296339550987,0.0028379971627146006,0.0018285659025423229,0.0012771044857800007,0.0011963231954723597,0.0007990072481334209,0.0007451201090589166,0.0006785615114495158,0.0006677419878542423,0.000598919577896595,0.0006094687851145864,0.000608722330071032,0.0005439028609544039,0.0006069478113204241,0.0005659691523760557,0.0005544330924749374,0.0006110946414992213,0.0005794372409582138,0.0005868615116924047,0.0006558193126693368,0.0006179886404424906,0.0006637530168518424,0.0006975161377340555,0.0006575859151780605,0.0006741404067724943,0.0005156248807907104,0.0002209364902228117,-6.270455196499825e-05,-0.000232587568461895,-0.0002780281938612461,-0.0003275958588346839,-0.0004113222239539027,-0.0005100343259982765,-0.0005578542768489569,-0.0005164218928257469,-0.0003813648072537035,-0.00023975560907274485,-0.0002744892262853682,-0.0003911827297997661,-0.00011083483695983887,0.0006156180170364678,0.0011923229321837425,0.001282202487345785,0.0011582860024645925,0.0010771564557217062,0.0009718760848045349,0.0008919406682252884,0.0008570386562496424
0.0008089144539553672,0.000787551369285211,0.0007622044649906456,0.000715885718818754,0.0007252089562825859,0.0007100983057171106,0.000692361529218033,0.0007009900000412017,0.0007088807178661227,0.0006910086376592517,0.0007025548547971994,0.0007949862920213491,0.0006847355689387769,0.0008745054947212338,0.0010842379997484386,0.001018893817672506,0.0018654972373042256,0.0028418550036803936,0.002317467879038304,0.001519187237136066,0.0013319938443601131,0.0009218298364430666,0.0007212082855403423,0.0007191408658400178,0.0006255897460505366,0.0005820388905704021,0.0005994198145344853,0.0005535652162507176,0.0005177211714908481,0.0005660988390445709,0.0004959926009178162,0.000512522179633379,0.0005403503309935331,0.00048450299073010683,0.0005181311862543225,0.0005447112489491701,0.0004847925156354904,0.0005349607672542334,0.0005216835997998714,0.00045404350385069847,0.00046600005589425564,0.00032835197634994984,0.0001107498537749052,-0.00014648190699517727,-0.0003601380158215761,-0.00042193266563117504,-0.00043333228677511215,-0.00043959019239991903,-0.0004862323221459519,-0.0005277210148051381,-0.000517133350513177,-0.0004260485293343663,-0.0002810680598486215,-0.0002759012713795528,-0.0005046942969784141,-0.0004948124114889652,0.00020717555889859796,0.001048772392095998,0.0013256786915007979,0.0012332132027950138,0.0011373327870387584,0.001017157919704914,0.0009369079489260912,0.0008921924454625696
0.000833975980640389,0.0008035401406232268,0.0007720268331468105,0.0007367537764366716,0.0007365972269326448,0.0007078224007273093,0.0007133897597668692,0.0007073999295243993,0.0006982771737966686,0.0007339773001149297,0.0006673399184364825,0.0007959603681229055,0.0007499758794438094,0.0007256115131895058,0.0011270606191828847,0.0010024800139945,0.0014228641121007968,0.0025390271184733137,0.0026321395416744053,0.0018664373783394694,0.0014909652527421713,0.0010984543478116393,0.0007269228808581829,0.0007377061992883682,0.0005975528620183468,0.0005715646548196673,0.0005701673217117786,0.0005022921832278371,0.0004937017802149057,0.0005080291302874684,0.00043514545541256666,0.00046425301115959883,0.0004619418177753687,0.0004008056130260229,0.00044280290603637695,0.0004270680947229266,0.00036777229979634285,0.00040451064705848694,0.00034999498166143894,0.0002797609195113182,0.00025701988488435745,0.00011088838800787926,-5.6374818086624146e-05,-0.00030644936487078667,-0.0005630995146930218,-0.0006894310936331749,-0.0007377371657639742,-0.000708157429471612,-0.0006884526810608804,-0.000675288843922317,-0.0006459532887674868,-0.0005768815753981471,-0.000441958662122488,-0.00036484416341409087,-0.0005968295663478784,-0.0008347767870873213,-0.00027663903892971575,0.000758820627197565,0.0012806489685317501,0.0012739694502670318,0.0011644990590866655,0.001046775098075159,0.0009652102162363008,0.0009046998020494357
0.0008485558500979096,0.0008131769645842724,0.0007702531984250527,0.0007488269475288689,0.0007432359534789157,0.0007060882144287461,0.00072541153349448,0.0007136216909202631,0.0006846677442808868,0.0007691505525144748,0.0006626789472647943,0.0007519883474742528,0.0008248188605648465,0.0006609842967009172,0.0010437430973979644,0.0010201961820257566,0.0011007223947672173,0.002050583402706252,0.002622285974211991,0.002179346734919818,0.0017331816488876939,0.0012979911407455802,0.0007972123567014933,0.0007368479855358601,0.0005871366010978818,0.0005599074065685272,0.0005250757094472647,0.0004608993185684085,0.0004665314918383956,0.00043763441499322653,0.00038595707155764103,0.0004062950611114502,0.0003764712018892169,0.00033033289946615696,0.0003586674574762583,0.00030877371318638325,0.00026729353703558445,0.00027976161800324917,0.00019071786664426327,0.00013065943494439125,7.395516149699688e-05,-8.296500891447067e-05,-0.0002274408470839262,-0.00047449441626667976,-0.0007487144321203232,-0.0009631183929741383,-0.0011045990977436304,-0.0011169272474944592,-0.0010878770845010877,-0.00102054096350912,-0.0009371945634484291,-0.0008464036363875493,-0.0007275564130395651,-0.000589767936617136,-0.0007366519421339035,-0.0011197089625056833,-0.0007756096892990172,0.0003648934653028846,0.0011511311458889395,0.0012689513532677665,0.0011634669353952631,0.0010542153177084401,0.000977603907813318,0.0008983939987956546
0.000842692781588994,0.0008071493066381663,0.0007705406751483679,0.0007470798736903816,0.0007401969196507707,0.0007091915904311463,0.0007252008363138884,0.0007233107171487063,0.0006726818828610703,0.0007796653371769935,0.0006917094870004803,0.000699313502991572,0.00086310711412807,0.0006784797515138052,0.0009129916288657114,0.001040035393089056,0.0009533907687000465,0.001626321827643551,0.0023623040469828993,0.0023936809739097953,0.0020692297839559615,0.0015338985249400139,0.0009506678907200694,0.0007257426623255014,0.0005917156813666224,0.0005419584922492504,0.0004781282041221857,0.00042751850560307503,0.00042583781760185957,0.00036663562059402466,0.00034292449709028006,0.00034032040275633335,0.0002927120076492429,0.0002639406593516469,0.00026975758373737335,0.0002004164271056652,0.00017114984802901745,0.00015963660553097725,5.6045595556497574e-05,1.1504162102937698e-06,-8.150585927069187e-05,-0.0002367433626204729,-0.00037614000029861927,-0.0006117499433457851,-0.0008655069395899773,-0.0011331664863973856,-0.0013628299348056316,-0.0014648886863142252,-0.0014996252721175551,-0.001433944154996425,-0.0013210051110945642,-0.0011912071495316923,-0.0010772095411084592,-0.0009215824538841844,-0.0009482372552156448,-0.0013804823393002152,-0.001246406725840643,-6.979535737627884e-05,0.0009490741795161739,0.0012110140232834965,0.001139690401032567,0.001035329929436557,0.0009658314957050607,0.0008882908296072856
0.0008237736765295267,0.000787941571616102,0.0007645276964467485,0.0007375691493507475,0.0007342133348799962,0.000709740203092224,0.0007111340091796592,0.0007391727822323446,0.000671120576953399,0.0007542895400547422,0.0007366294667008333,0.0006743108133377973,0.0008489137908327393,0.0007387022051261738,0.0008055522121139802,0.0010235705733521172,0.0009712743776617572,0.0013825804853695445,0.0020110546611249447,0.0024472945369780064,0.0023919828818179667,0.0018440715502947569,0.001180845545604825,0.0007333022076636553,0.0006055858684703708,0.0005153703968971968,0.00043310329783707857,0.0003988380776718259,0.0003672461025416851,0.0003102273913100362,0.00029763684142380953,0.000263980939052999,0.00022139085922390223,0.00019422848708927631,0.00017724954523146152,0.00011198921129107475,7.917569018900394e-05,4.3233390897512436e-05,-5.20581379532814e-05,-0.00011090515181422234,-0.00021535111591219902,-0.00035096495412290096,-0.0004901555366814137,-0.0007072694133967161,-0.0009204363450407982,-0.0011888484004884958,-0.0014488531742244959,-0.0016258026007562876,-0.0017410062719136477,-0.0017325638909824193,-0.0016626747092232108,-0.0015194558654911816,-0.0014133009826764464,-0.0012804256984964013,-0.0012122796615585685,-0.0016420581378042698,-0.0016611983301118016,-0.0004917403275612742,0.0007032624562270939,0.0011072556517319754,0.0010889674740610644,0.000996548667899333,0.0009302183607360348,0.0008706119333510287
0.0007964098476804793,0.000764592841733247,0.000745645200368017,0.0007196496590040624,0.0007249152258737013,0.0007091651787050068,0.0006896067498018965,0.0007446658128174022,0.0006873739621369168,0.000713878107490018,0.0007719816348981112,0.0006821804854553193,0.0007991010897967499,0.0008054523641476408,0.0007580344245070592,0.0009646850230637938,0.0010230717598460615,0.0012353069614619017,0.0016819075681269169,0.0022923853248357773,0.0025599724904168397,0.0022067882819101214,0.0014680195599794388,0.0008164350874722004,0.0006261225789785385,0.0004795112181454897,0.00039542210288345814,0.0003662786912173033,0.0002992392983287573,0.00026486278511583805,0.00024134223349392414,0.00018773740157485008,0.0001624764408916235,0.00012367777526378632,8.42963345348835e-05,3.391178324818611e-05,-3.529246896505356e-06,-6.374507211148739e-05,-0.00014338293112814426,-0.00020454381592571735,-0.0003230273723602295,-0.0004361504688858986,-0.0005730730481445789,-0.0007654486689716578,-0.0009419897105544806,-0.0011818616185337305,-0.0014118959661573172,-0.0016155673656612635,-0.0017735068686306477,-0.001825801795348525,-0.001854067828389816,-0.0017403503879904747,-0.0016701180284144357,-0.001594059867784381,-0.0014833840541541576,-0.0019020866602659225,-0.0020110358018428087,-0.0008729384280741215,0.00044925586553290486,0.0009815599187277257,0.0010094309400301427,0.0009425901807844639,0.0008829808211885393,0.0008358178602065891
0.0007606296567246318,0.0007329844229388982,0.0007200761465355754,0.0006990493566263467,0.0007011076377239078,0.0007113394676707685,0.0006736687500961125,0.0007257709221448749,0.0007101244409568608,0.0006850262579973787,0.0007819884922355413,0.0007133670442271978,0.0007449756667483598,0.0008436146890744567,0.000770968064898625,0.0008963104337453842,0.0010249119077343494,0.0011319477926008403,0.0014520486583933234,0.002008177019888535,0.0025412706308998168,0.002537493914132938,0.0018104284536093473,0.0010005440562963486,0.0006447168998420238,0.0004534064792096615,0.0003712335601449013,0.00031567690894007683,0.00023720134049654007,0.00022096908651292324,0.00017175544053316116,0.00012218672782182693,0.00010240101255476475,4.8149144276976585e-05,8.53068195283413e-06,-4.120101220905781e-05,-8.625537157058716e-05,-0.00014723069034516811,-0.00022568181157112122,-0.0002895011566579342,-0.00039821467362344265,-0.0005012920591980219,-0.0006348693277686834,-0.000792548293247819,-0.0009466672781854868,-0.001147555187344551,-0.0013192810583859682,-0.00152325420640409,-0.0016813866095617414,-0.0017548173200339079,-0.0018752426258288324,-0.0018246354738948867,-0.0018159945611841977,-0.0018148313538404182,-0.0017205594340339303,-0.0021497432608157396,-0.002300107153132558,-0.0011781043140217662,0.00022039213217794895,0.0008453617920167744,0.000909079855773598,0.0008745385566726327,0.0008280864567495883,0.0007826680084690452
0.0007166250143200159,0.0006887641502544284,0.0006925993366166949,0.000678740325383842,0.00066375732421875,0.0007063222001306713,0.0006660357466898859,0.0006935502751730382,0.0007312360685318708,0.0006751897744834423,0.0007601552351843566,0.0007559803780168295,0.0007203579298220575,0.0008362481312360615,0.0008051680051721632,0.0008545042364858091,0.0009906442719511688,0.0010816254653036594,0.0013299762504175305,0.0017355833588226233,0.002385478059295565,0.0027385046087147202,0.002194300410337746,0.0012760153040289879,0.0006898141000419855,0.00044526904821395874,0.0003469875082373619,0.0002519148401916027,0.00018966756761074066,0.0001697717234492302,9.328359737992287e-05,6.870506331324577e-05,3.4475233405828476e-05,-3.008916974067688e-05,-4.929699935019016e-05,-0.00011355755850672722,-0.0001687305048108101,-0.00021085655316710472,-0.00029519363306462765,-0.0003673399332910776,-0.00044999271631240845,-0.0005514833610504866,-0.0006821223068982363,-0.0007957492489367723,-0.0009359070099890232,-0.0011099029798060656,-0.0012188749387860298,-0.001407864037901163,-0.0015489410143345594,-0.0016161546809598804,-0.0017833338351920247,-0.0017979284530156292,-0.0018704269896261394,-0.0019316126345074736,-0.001897362235467881,-0.0023790899431332946,-0.002532078418880701,-0.001379499677568674,3.950030077248812e-05,0.0007008538814261556,0.0008056964725255966,0.0007893312722444534,0.0007610171451233327,0.0007286109030246735
0.0006659292266704142,0.0006399944541044533,0.0006560991168953478,0.000657938071526587,0.0006304995622485876,0.0006831474020145833,0.0006651007570326328,0.000660986639559269,0.0007383782649412751,0.0006858217529952526,0.0007229348411783576,0.0007865794468671083,0.0007306246552616358,0.0008099818369373679,0.0008330821874551475,0.0008460925309918821,0.0009529489325359464,0.0010576840722933412,0.0012686820700764656,0.001554753805976361,0.0021430093329399824,0.0027639620820991695,0.002557912259362638,0.0016243110876530409,0.0008027749136090279,0.00044788559898734093,0.0003151940181851387,0.00018930621445178986,0.00014924025163054466,0.00010247225873172283,2.339109778404236e-05,1.8340768292546272e-05,-4.304340109229088e-05,-9.62067861109972e-05,-0.0001105393748730421,-0.00018201000057160854,-0.00023224763572216034,-0.00027459184639155865,-0.00035181245766580105,-0.00042821792885661125,-0.0004990110173821449,-0.0005880643147975206,-0.0007083236705511808,-0.0007924886886030436,-0.0009187422692775726,-0.0010657289531081915,-0.001136337174102664,-0.0012965265195816755,-0.001411754870787263,-0.0014821538934484124,-0.0016484410152770579,-0.0017051102477125823,-0.0018671262077987194,-0.001970040437299758,-0.002020735468249768,-0.002578354091383517,-0.0026966105215251446,-0.0014862215612083673,-8.815911132842302e-05,0.0005628301296383142,0.0007027643732726574,0.0006941611645743251,0.0006839594570919871,0.0006702310056425631
0.0006103882333263755,0.0006004677852615714,0.0006054275436326861,0.0006330088363029063,0.0006071074167266488,0.0006417739787138999,0.0006690098089165986,0.0006389280897565186,0.0007148855365812778,0.0007092410232871771,0.0007024779915809631,0.0007883351645432413,0.0007543152896687388,0.0007959998911246657,0.0008478365489281714,0.000857786275446415,0.0009355401271022856,0.0010295109823346138,0.0012277220375835896,0.0014627145137637854,0.0018960352754220366,0.0026453292230144143,0.0028257230296730995,0.00201231986284256,0.0010013238061219454,0.0004679237026721239,0.00027672876603901386,0.00013810023665428162,9.874952957034111e-05,2.6699388399720192e-05,-3.072922118008137e-05,-4.342012107372284e-05,-0.00012116343714296818,-0.00014613941311836243,-0.0001828984823077917,-0.0002493306528776884,-0.0002755576279014349,-0.0003421574365347624,-0.00040496978908777237,-0.00046490924432873726,-0.0005436241626739502,-0.0006157895550131798,-0.0007183167617768049,-0.0007953708991408348,-0.0008968741167336702,-0.001010092906653881,-0.0010775867849588394,-0.0012009413912892342,-0.0012798230163753033,-0.0013716882094740868,-0.001516753458417952,-0.0015998046146705747,-0.001829970075050369,-0.001960000256076455,-0.00211877838592045,-0.002748540719039738,-0.002779755974188447,-0.001508059212937951,-0.00016203196719288826,0.00044524914119392633,0.0005914049688726664,0.0006000050343573093,0.0006078539881855249,0.0005965869640931487
0.0005479865940287709,0.0005633077817037702,0.0005472181364893913,0.0005977076943963766,0.0005899339448660612,0.0005909741157665849,0.0006654239259660244,0.0006321674445644021,0.0006753950146958232,0.0007254924857988954,0.0007007501553744078,0.0007747680647298694,0.0007843023631721735,0.0007982525276020169,0.0008493228815495968,0.0008760051568970084,0.0009429261554032564,0.0010077235056087375,0.001193336327560246,0.0014284109347499907,0.001726173926726915,0.002441332268062979,0.0029492004396161065,0.0023970426991581917,0.0012721847742795944,0.0005279977340251207,0.00023576035164296627,9.172176942229271e-05,3.2129231840372086e-05,-4.8293499276041985e-05,-7.883203215897083e-05,-0.00011862278915941715,-0.00019143172539770603,-0.00019091996364295483,-0.0002553154481574893,-0.00031002622563391924,-0.0003193619195371866,-0.00040361983701586723,-0.0004504269454628229,-0.0004953101743012667,-0.0005794237367808819,-0.0006414174567908049,-0.0007174571510404348,-0.0007944840472191572,-0.0008753263391554356,-0.0009555714204907417,-0.00102979876101017,-0.0011226562783122063,-0.0011749202385544777,-0.001281373668462038,-0.0013968216953799129,-0.0015076911658979952,-0.001782884355634451,-0.0019253978971391916,-0.0022143219830468297,-0.0029014376341365278,-0.0027752965688705444,-0.0014477965887635946,-0.00019435666035860777,0.0003466010093688965,0.0004763784818351269,0.0005085461307317019,0.0005345109384506941,0.0005206463392823935
0.00048012519255280495,0.000514202518388629,0.0004967562854290009,0.0005452448967844248,0.0005722990026697516,0.0005556741962209344,0.0006350293988361955,0.0006330495234578848,0.00064736173953861,0.0007211216725409031,0.0007088289130479097,0.0007620748365297914,0.0008071166230365634,0.0008146127220243216,0.0008537942776456475,0.0008930274052545428,0.0009650005958974361,0.0010115911718457937,0.001163899782113731,0.0014215201954357326,0.0016473546711495146,0.002212416904512793,0.002936445889645256,0.00272624590434134,0.0015885289758443832,0.0006350148469209671,0.00019714375957846642,4.312093369662762e-05,-4.073558375239372e-05,-0.00011954992078244686,-0.00013686763122677803,-0.0001961772795766592,-0.00024547684006392956,-0.00025072251446545124,-0.0003215211909264326,-0.000353835872374475,-0.0003791616763919592,-0.00045081134885549545,-0.00048223778139799833,-0.0005376797635108232,-0.0006023137830197811,-0.0006575258448719978,-0.0007185412105172873,-0.0007860681507736444,-0.0008575147949159145,-0.0009129918180406094,-0.0009839758276939392,-0.001052215462550521,-0.0011018668301403522,-0.001208631438203156,-0.0012930523371323943,-0.0014441210660152137,-0.0017414028843631968,-0.0018936319393105805,-0.002322614673175849,-0.0030259970808401704,-0.0026869934517890215,-0.0013158617075532675,-0.0002002362161874771,0.0002579950960353017,0.00037608237471431494,0.0004160830285400152,0.00045555480755865574,0.00045866717118769884
0.00040496443398296833,0.00045593653339892626,0.00046470738016068935,0.00048115942627191544,0.0005416040075942874,0.0005365803372114897,0.0005846755811944604,0.0006283390102908015,0.0006339127430692315,0.0007021138444542885,0.0007257694378495216,0.0007590360473841429,0.0008114451775327325,0.0008388569112867117,0.0008773525478318334,0.0009117771405726671,0.0009850877104327083,0.001043759984895587,0.0011511292541399598,0.0014132524374872446,0.001637102021049941,0.0020276708528399467,0.0028205405360495206,0.0029580582631751895,0.0019284882582724094,0.0007792077958583832,0.00017380155622959137,-1.4818506315350533e-05,-0.00012040534056723118,-0.00018603517673909664,-0.00020859658252447844,-0.00026997842360287905,-0.0002878509694710374,-0.00032340490724891424,-0.0003811654169112444,-0.0003848590422421694,-0.0004451462300494313,-0.00048645923379808664,-0.0005077256355434656,-0.0005857707001268864,-0.0006128280656412244,-0.000666156760416925,-0.0007298446726053953,-0.0007747786585241556,-0.0008361679501831532,-0.0008834733162075281,-0.0009458479471504688,-0.0009905018378049135,-0.001046889228746295,-0.0011493542697280645,-0.0012153206625953317,-0.0014113456709310412,-0.0017004986548272427,-0.0018848044564947486,-0.0024681730174052063,-0.00309564545750618,-0.0025087536778301,-0.0011398347560316324,-0.0001917367335408926,0.00017135264351963997,0.0002910774201154709,0.0003281799145042896,0.00037160643842071295,0.00040580180939286947
